id,language,label,full,prefix,middle,suffix,n_words,has_keyword,kw_in_prefix,kw_in_middle,kw_in_suffix
ar_001,Arabic,1,حزينه وفاقده كل الحنان والحزن في حياتي مطلقه له العنان وكل من شافني أشر بالبنان ويقول هالبنت مليانه كآبه بالاطنان,حزينه وفاقده كل الحنان والحزن في حياتي,مطلقه له العنان وكل من شافني أشر,بالبنان ويقول هالبنت مليانه كآبه بالاطنان,20,False,False,False,False
ar_002,Arabic,1,انا كنت راجع من بره مبسوط فشخ و متحمس إني اتكلم و بتاع دخلت بيتنا عملولي حاله اكتئاب فشيخه واله و انا خلاص امنيه حياتي اموت,انا كنت راجع من بره مبسوط فشخ و متحمس,إني اتكلم و بتاع دخلت بيتنا عملولي حاله اكتئاب,فشيخه واله و انا خلاص امنيه حياتي اموت,26,True,False,True,False
ar_003,Arabic,1,لأسف العيادات النفسية ومن تجربة الدكتور لايقدر المريض اذكر في احدا المرات ذهب لمستشفى الحبيب بريدة,لأسف العيادات النفسية ومن تجربة الدكتور,لايقدر المريض اذكر في احدا,المرات ذهب لمستشفى الحبيب بريدة,16,False,False,False,False
ar_004,Arabic,0,الوفاء هو اعظم ما تتحلى به النفس البشريه . هو ذاك الطبع الذي يعتبره البعض نادرا في زمننا المليء بالجمود والنكران .,الوفاء هو اعظم ما تتحلى به النفس البشريه,. هو ذاك الطبع الذي يعتبره البعض,نادرا في زمننا المليء بالجمود والنكران .,22,False,False,False,False
ar_005,Arabic,0,مليتياو من اول ما اشتراه مدريد و انا متفائل فيه بس انه انظلم بالدكه واصابه راموس كانت نعمه والله,مليتياو من اول ما اشتراه مدريد و,انا متفائل فيه بس انه انظلم,بالدكه واصابه راموس كانت نعمه والله,19,False,False,False,False
ar_006,Arabic,0,ممتنة كثيرًا للطفك ومشاعرك من ذوقك يارب يسعدك سعادةً تسع السماء وآمين لدعواتك الحلوة ويرزقك أضعافه 🌸🍃,ممتنة كثيرًا للطفك ومشاعرك من ذوقك,يارب يسعدك سعادةً تسع السماء وآمين,لدعواتك الحلوة ويرزقك أضعافه 🌸🍃,17,False,False,False,False
ar_007,Arabic,0,عُدت يا صديقي للكتابة لاجلك وساكون كل شيء لاجلك لاجل ان تكون هذهِ الروح سعيده مُبتهجه فلا فرحٌ يذكر بعد حزن الصدي,عُدت يا صديقي للكتابة لاجلك وساكون كل شيء,لاجلك لاجل ان تكون هذهِ الروح سعيده,مُبتهجه فلا فرحٌ يذكر بعد حزن الصدي,22,False,False,False,False
ar_008,Arabic,1,احس ودي انسى اخر سنه وسبع شهور مرت اليوم بكيت بكيت لين نمت ولما صحيت كملت بكي شي يقهر لما ابكي على شي مو بيدي شي ودي اغيره بس مو بيدي,احس ودي انسى اخر سنه وسبع شهور مرت اليوم بكيت بكيت,لين نمت ولما صحيت كملت بكي شي يقهر لما ابكي,على شي مو بيدي شي ودي اغيره بس مو بيدي,31,False,False,False,False
ar_009,Arabic,0,سنك في البطاقة غير سنك في المرايا غير سنك مع حد بتحبه غير سنك وأنت فرحان غير سنك وأنت زعلان جوا عمرك عمر ثاني,سنك في البطاقة غير سنك في المرايا غير,سنك مع حد بتحبه غير سنك وأنت فرحان,غير سنك وأنت زعلان جوا عمرك عمر ثاني,24,False,False,False,False
ar_010,Arabic,0,فرحة اول اكلة عملتها لوحدي و طلعت حلوة حاسة اني خلاص المفروض اعمل برنامج طبخ .,فرحة اول اكلة عملتها لوحدي و,طلعت حلوة حاسة اني خلاص,المفروض اعمل برنامج طبخ .,16,False,False,False,False
ar_011,Arabic,0,مفيش اجمل من ان ال يبقى كسول و يفضل يختلق اعذار عشان يشتغل من البيت وانت تبين انك مضايق بس من جواك فرحان بيه 🦦,مفيش اجمل من ان ال يبقى كسول و يفضل,يختلق اعذار عشان يشتغل من البيت وانت تبين,انك مضايق بس من جواك فرحان بيه 🦦,25,False,False,False,False
ar_012,Arabic,0,التفُاؤل هو شي جميل جداً هو انك تكون انسان متفائل و تشوف الحياه بنظره إيجابية مو العكس📮🌈,التفُاؤل هو شي جميل جداً هو,انك تكون انسان متفائل و تشوف,الحياه بنظره إيجابية مو العكس📮🌈,17,False,False,False,False
ar_013,Arabic,1,وهيا مش فكره زعل او خنقه او اكتئاب او توحد حتي الفكره كلها تراكمات بس مش اكتر,وهيا مش فكره زعل او خنقه,او اكتئاب او توحد حتي الفكره,كلها تراكمات بس مش اكتر,17,True,False,True,False
ar_014,Arabic,0,ما عاد صار مهم عندي أن أيامي تكون كلها سعيده جدًا لكني راضيه بأنها تصير عاديه وهاديه طالما أن الخوف والقلق بعيد عني,ما عاد صار مهم عندي أن أيامي تكون,كلها سعيده جدًا لكني راضيه بأنها تصير عاديه,وهاديه طالما أن الخوف والقلق بعيد عني,23,False,False,False,False
ar_015,Arabic,1,فيني كلام واحد على صدري فيني شعور محد بيفهمه وفيني دموع وعاجز اني ابكي فيني حزن كاتمه ولا اشكي,فيني كلام واحد على صدري فيني شعور,محد بيفهمه وفيني دموع وعاجز اني,ابكي فيني حزن كاتمه ولا اشكي,19,False,False,False,False
ar_016,Arabic,0,اللهم رب الناس .اذهب البأس .اشف انت الشافي. لا شفاء الا شفاؤك شفاء لا يغادر سقما .,اللهم رب الناس .اذهب البأس .اشف,انت الشافي. لا شفاء الا شفاؤك,شفاء لا يغادر سقما .,17,False,False,False,False
ar_017,Arabic,1,احس عندي اكتئاب مو قادره اسيطر عليه مع ذلك احس اني فرحانه كيف مدري 🌚💔,احس عندي اكتئاب مو قادره,اسيطر عليه مع ذلك احس,اني فرحانه كيف مدري 🌚💔,15,True,True,False,False
ar_018,Arabic,1,لما قولت لي كنت مرتبط بيها كده في وقت اكتئاب حسبتها اني عايز اتجوز جواز متعة طالما مفيش اطفال,لما قولت لي كنت مرتبط بيها كده,في وقت اكتئاب حسبتها اني عايز,اتجوز جواز متعة طالما مفيش اطفال,19,True,False,True,False
ar_019,Arabic,0,اللهم السلامة و السلام و السلوان و السلوى و السعادة و السرور و السكينة و السُكنى❤️,اللهم السلامة و السلام و السلوان,و السلوى و السعادة و,السرور و السكينة و السُكنى❤️,16,False,False,False,False
ar_020,Arabic,0,صباح الخير فيه وااااااجد وأنا مغمورة بالحُب والدفء والحُنُوّ مُنغمسة بالكامل في البهجة وفي عز الآمان والإستقرار,صباح الخير فيه وااااااجد وأنا مغمورة,بالحُب والدفء والحُنُوّ مُنغمسة بالكامل في,البهجة وفي عز الآمان والإستقرار,17,False,False,False,False
ar_021,Arabic,1,مش عارفه انام ساعه واحده ع بعض من غير قلق و صحيان ف النص و كوابيس زي الخره,مش عارفه انام ساعه واحده ع,بعض من غير قلق و صحيان,ف النص و كوابيس زي الخره,18,False,False,False,False
ar_022,Arabic,1,فيني صفه ابي اتخلص منها وماني عارف كيف مدري وش يسمونها خجل او رهاب اجتماعي اتوقع لكنها مضايفتني مره,فيني صفه ابي اتخلص منها وماني عارف,كيف مدري وش يسمونها خجل او,رهاب اجتماعي اتوقع لكنها مضايفتني مره,19,False,False,False,False
ar_023,Arabic,0,طيب أنا متفائل بالأهلي قدام صن داونز جدًا حتى لو خصم مش سهل بس متفائل مش عارف ليه 🤷🏻‍♂️ حد متفائل,طيب أنا متفائل بالأهلي قدام صن داونز,جدًا حتى لو خصم مش سهل بس,متفائل مش عارف ليه 🤷🏻‍♂️ حد متفائل,21,False,False,False,False
ar_024,Arabic,0,اللهم ارزقنا السند الذي لا نخشى الارتكان عليهوابعد عنا أذى الخذلان الذي يأتي بعد اطمئنان وثقة🧎🏼‍♀️,اللهم ارزقنا السند الذي لا نخشى,الارتكان عليهوابعد عنا أذى الخذلان,الذي يأتي بعد اطمئنان وثقة🧎🏼‍♀️,16,False,False,False,False
ar_025,Arabic,1,لو بنت نزلت الشارع بتخاف ل حد يتحرش بيها زي اي واحده ايا كان لبسها ولا شكلها في ناس بعبايات بيتحرشو بيها,لو بنت نزلت الشارع بتخاف ل حد يتحرش,بيها زي اي واحده ايا كان لبسها,ولا شكلها في ناس بعبايات بيتحرشو بيها,22,False,False,False,False
ar_026,Arabic,0,هنالك من يجيد اختيار الوقت ليرسل كلمات تنتشلني إلى الابتسامة وخفة في روحي ❤️ الحمدلله على نعمة الأشخاص الذين يبثون السعاده في أرواحنا,هنالك من يجيد اختيار الوقت ليرسل كلمات تنتشلني,إلى الابتسامة وخفة في روحي ❤️ الحمدلله على,نعمة الأشخاص الذين يبثون السعاده في أرواحنا,23,False,False,False,False
ar_027,Arabic,0,❤️ اليوم من أحب الايام لقلبي كبر حبيبي فيه ويكبر حُبه بقلبي هابي بيرثداي لروحي,❤️ اليوم من أحب الايام,لقلبي كبر حبيبي فيه ويكبر,حُبه بقلبي هابي بيرثداي لروحي,15,False,False,False,False
ar_028,Arabic,1,فكرة انّي رح أبلش أداوم من بكرا 4 أيام بالاسبوع لحالها جايبيتلي ألف نوع اكتئاب,فكرة انّي رح أبلش أداوم,من بكرا 4 أيام بالاسبوع,لحالها جايبيتلي ألف نوع اكتئاب,15,True,False,False,True
ar_029,Arabic,0,وردةالجزائرية أنسنا صوتك العذب النقي طيلة السنوات الماضية منذ أكثر من ستون عامٍ وأنتِ تبعثين البهجة والسرور,وردةالجزائرية أنسنا صوتك العذب النقي طيلة,السنوات الماضية منذ أكثر من ستون,عامٍ وأنتِ تبعثين البهجة والسرور,17,False,False,False,False
ar_030,Arabic,1,ما توقعت ابكي لكني بكيت واذا بكيت فمنجد انا قاعده انهار الله يكون بالعون بس,ما توقعت ابكي لكني بكيت,واذا بكيت فمنجد انا قاعده,انهار الله يكون بالعون بس,15,False,False,False,False
ar_031,Arabic,0,طب كل سنه وًانت طيب ي احمد 😂🖤🖤و ربنا يجعل كل ايامك الجايه سعاده و فرح 🖤,طب كل سنه وًانت طيب ي,احمد 😂🖤🖤و ربنا يجعل كل ايامك,الجايه سعاده و فرح 🖤,17,False,False,False,False
ar_032,Arabic,0,دعوت الله ان يفرحك في دنياك واخرتك وان يرزقك سعادة ابدية مثل ماتسعد متابعينك 🌹,دعوت الله ان يفرحك في,دنياك واخرتك وان يرزقك سعادة,ابدية مثل ماتسعد متابعينك 🌹,15,False,False,False,False
ar_033,Arabic,1,دايمًا بداية كل صيف خصيصًا هالوقت يحوشني اكتئاب لأسباب مجهوله ويطول شوي ف نسأل اله الصبر وان يعديها باسرع وقت,دايمًا بداية كل صيف خصيصًا هالوقت يحوشني,اكتئاب لأسباب مجهوله ويطول شوي ف نسأل,اله الصبر وان يعديها باسرع وقت,20,True,False,True,False
ar_034,Arabic,0,لم كنت ف عمر 12سنه قابلت الكابتن محمد ابو تريكه والكابتن محمد بركات ف التتش ف سألته ع محبتي الجماهير له عشان لم اسير لاعب مشهور اعمل زيه قالي خد لكره رساله والملعب ميدان الرساله بتاعتك وقبل ده كله اجعل الفرحه صدقه لله,لم كنت ف عمر 12سنه قابلت الكابتن محمد ابو تريكه والكابتن محمد بركات ف التتش,ف سألته ع محبتي الجماهير له عشان لم اسير لاعب مشهور اعمل زيه قالي,خد لكره رساله والملعب ميدان الرساله بتاعتك وقبل ده كله اجعل الفرحه صدقه لله,43,False,False,False,False
ar_035,Arabic,1,وفي لحظة ما ، أشعر بأني غير مُلائمة لهذا العالم ، فتنتابني رغبة بأن اختفي الى الابد,وفي لحظة ما ، أشعر بأني,غير مُلائمة لهذا العالم ، فتنتابني,رغبة بأن اختفي الى الابد,17,False,False,False,False
ar_036,Arabic,0,وانا يا أمي وإن ملّوا من دعاءهم لكِ انا لن أمّل وسأبقى بنتكِ التي توصلك بدعائها دائمًا 🕊,وانا يا أمي وإن ملّوا من,دعاءهم لكِ انا لن أمّل وسأبقى,بنتكِ التي توصلك بدعائها دائمًا 🕊,18,False,False,False,False
ar_037,Arabic,1,أنا أعيل ثلاثة بيوت بيت الأبوي المصاب بالزهايمر ومقعد منذ ثلاثة أعوام وبيتي وبيت أخي المصاب بمرض نفسي ا,أنا أعيل ثلاثة بيوت بيت الأبوي المصاب,بالزهايمر ومقعد منذ ثلاثة أعوام وبيتي,وبيت أخي المصاب بمرض نفسي ا,19,False,False,False,False
ar_038,Arabic,1,اللهم أبعد عني كل ضيق اشعر به و كل ما يشغل بالي يارب ارح قلبي و فكري و ارزقني سعاده لا تنتهي🤲🏻,اللهم أبعد عني كل ضيق اشعر به و,كل ما يشغل بالي يارب ارح قلبي,و فكري و ارزقني سعاده لا تنتهي🤲🏻,22,False,False,False,False
ar_039,Arabic,0,ببقي مبسوط أوي وأنا بشتري هدوم أكتر حاجه بتبسط لما اعملها وادفع فيها فلوس هي والأكل 😂❤️,ببقي مبسوط أوي وأنا بشتري هدوم,أكتر حاجه بتبسط لما اعملها وادفع,فيها فلوس هي والأكل 😂❤️,17,False,False,False,False
ar_040,Arabic,0,من كثر شعور الفرحه لزوز غرت عليها ياربي خلصت دموعي يحق لي اقول لها نيالك انتصر الحب اخيراً 💗💗💗💗,من كثر شعور الفرحه لزوز غرت عليها,ياربي خلصت دموعي يحق لي اقول,لها نيالك انتصر الحب اخيراً 💗💗💗💗,19,False,False,False,False
ar_041,Arabic,0,من زمان ما قراتش روايات . من زمان ما اقعدتش مع نفسى فى البيت . الواحد كان مفتقد حاجات حلوة اوى . حققتها النهارده.,من زمان ما قراتش روايات . من زمان,ما اقعدتش مع نفسى فى البيت . الواحد,كان مفتقد حاجات حلوة اوى . حققتها النهارده.,24,False,False,False,False
ar_042,Arabic,0,اللي تتخذ من الزواج وسيلة للتكسب وتحقيق أحلامها المحرومه منها على حسابك لا يمكن بأي حال من الأحوال أن تبني معك أسرة,اللي تتخذ من الزواج وسيلة للتكسب وتحقيق أحلامها,المحرومه منها على حسابك لا يمكن بأي,حال من الأحوال أن تبني معك أسرة,22,False,False,False,False
ar_043,Arabic,0,مبسوط من نفسى علشان بقيت اقدر استغنى عن حاجات مُكنتش متخيل انى اقدر اعيش من غيرها,مبسوط من نفسى علشان بقيت اقدر,استغنى عن حاجات مُكنتش متخيل,انى اقدر اعيش من غيرها,16,False,False,False,False
ar_044,Arabic,1,احاول قد ماقدر اني ماوصل لمرحلة الاكتئاب احاول اني انتشل نفسي من هالظلمه بس يرجعوني لها غصب,احاول قد ماقدر اني ماوصل لمرحلة,الاكتئاب احاول اني انتشل نفسي من,هالظلمه بس يرجعوني لها غصب,17,True,False,True,False
ar_045,Arabic,0,الواحد بيتمني فيوم من الايام يبقي فرحان نفس الفرحه دي ان لقي بني ادم واحد بس شبهه واحد بس مش طالبه اكتر من واحد,الواحد بيتمني فيوم من الايام يبقي فرحان نفس,الفرحه دي ان لقي بني ادم واحد بس,شبهه واحد بس مش طالبه اكتر من واحد,24,False,False,False,False
ar_046,Arabic,0,خاطرة مهمة اذا زوجتك سعيدة فستكون حياتك سعيده فلا تبخل على زوجتك بالكلمة الحلوة و بالورده الجميلة و الهدايا,خاطرة مهمة اذا زوجتك سعيدة فستكون حياتك,سعيده فلا تبخل على زوجتك بالكلمة,الحلوة و بالورده الجميلة و الهدايا,19,False,False,False,False
ar_047,Arabic,1,اختي الصغيره داشه بحالة اكتئاب مادري شسوي المشكله عمرها تسع سنوات وربي واضح عليها الاكتئاب كانت متعوده على شي وراح,اختي الصغيره داشه بحالة اكتئاب مادري شسوي,المشكله عمرها تسع سنوات وربي واضح عليها,الاكتئاب كانت متعوده على شي وراح,20,True,True,False,True
ar_048,Arabic,0,عندما تصيبنا نوائب الدهر وتكسر مجاديف الأمل فينا فإننا نهرب إليك لأنك الأب الذي لا نشعر بالأمان إلا بذكره,عندما تصيبنا نوائب الدهر وتكسر مجاديف الأمل,فينا فإننا نهرب إليك لأنك الأب,الذي لا نشعر بالأمان إلا بذكره,19,False,False,False,False
ar_049,Arabic,1,حرفيا لا صديقة تهديني عندي ولا اهل يرضون اشتري عندي واحس بدخل اكتئاب😭 الوحدة شي صعب ترا من,حرفيا لا صديقة تهديني عندي ولا,اهل يرضون اشتري عندي واحس بدخل,اكتئاب😭 الوحدة شي صعب ترا من,18,True,False,False,True
ar_050,Arabic,0,سؤال محيرني من زمان ليه كتير من الناس معتبرة الصداقة علاقة رومانسية وأي فيها بيعاملوه كإنه انفصال أو طلاق,سؤال محيرني من زمان ليه كتير من,الناس معتبرة الصداقة علاقة رومانسية وأي,فيها بيعاملوه كإنه انفصال أو طلاق,19,False,False,False,False
ar_051,Arabic,0,🤍✨ 2021 2 سنة جديدة من عمري اعانقها اليوم استودعتك ربي حياتي فاجعلها من سعادة إلى سعادة و اختر لي ماهو خير,🤍✨ 2021 2 سنة جديدة من عمري اعانقها,اليوم استودعتك ربي حياتي فاجعلها من سعادة,إلى سعادة و اختر لي ماهو خير,22,False,False,False,False
ar_052,Arabic,0,لا تخجل عش الشعور الذي يُولد فيك بعفوية لا يهم ما يكون أو ما سيقال عنك المهم أن تكون حقيقيًا الحياة ليست للدُمى,لا تخجل عش الشعور الذي يُولد فيك بعفوية,لا يهم ما يكون أو ما سيقال عنك,المهم أن تكون حقيقيًا الحياة ليست للدُمى,23,False,False,False,False
ar_053,Arabic,0,يارب املا قلبي وطنا من فرح ، من راحة، من سعادة. من أوطان مبهجة .,يارب املا قلبي وطنا من,فرح ، من راحة، من,سعادة. من أوطان مبهجة .,15,False,False,False,False
ar_054,Arabic,0,بالبداية احب اقولك اني جداً سعيدة بمعرفتك والحمدلله عليك انتي صديقة واخت ماتتعوضين ابد أحبك🤍🤍🤍,بالبداية احب اقولك اني جداً,سعيدة بمعرفتك والحمدلله عليك انتي,صديقة واخت ماتتعوضين ابد أحبك🤍🤍🤍,15,False,False,False,False
ar_055,Arabic,0,اللهم دبّر المستقبل الذي نجهله و يسر الغد الذي يُقلقنا و قَرّب الحلم الذي نترقبه و هب لنا أملاً يملؤنا,اللهم دبّر المستقبل الذي نجهله و يسر,الغد الذي يُقلقنا و قَرّب الحلم الذي,نترقبه و هب لنا أملاً يملؤنا,20,False,False,False,False
ar_056,Arabic,1,اوف انا مش بس بنتحر بحق رقم قياسي ف الانتحار بنتحر ب اقل من دقيقه🏃🏼‍♀️,اوف انا مش بس بنتحر,بحق رقم قياسي ف الانتحار,بنتحر ب اقل من دقيقه🏃🏼‍♀️,15,False,False,False,False
ar_057,Arabic,0,بعطي نفسي نص ساعة اشوف فيها جديدكم وبما ان وسائل التواصل تستخدم لمشاركة الانجازات فأنا متفائل إني بشوف أشياء تفرّح,بعطي نفسي نص ساعة اشوف فيها جديدكم,وبما ان وسائل التواصل تستخدم لمشاركة الانجازات,فأنا متفائل إني بشوف أشياء تفرّح,20,False,False,False,False
ar_058,Arabic,1,انا تخرجت حمدله لكن فيني كآبة وقلق العالمين دعواتكم لي بالراحه نفسيه والطمأنينه 💔 كنت احسبها من الدراسه,انا تخرجت حمدله لكن فيني كآبة,وقلق العالمين دعواتكم لي بالراحه نفسيه,والطمأنينه 💔 كنت احسبها من الدراسه,18,False,False,False,False
ar_059,Arabic,0,قسم بالله اني أكون سعيدة 10 مرات يوم يكلمني شخص أحبه حتى كلمة كيفك اقراها وانا مبتسمه أبسط الأشياء يصير لها معنى,قسم بالله اني أكون سعيدة 10 مرات يوم,يكلمني شخص أحبه حتى كلمة كيفك اقراها,وانا مبتسمه أبسط الأشياء يصير لها معنى,22,False,False,False,False
ar_060,Arabic,1,فاليومَ أبكي على ما فاتني أسفًا وهل يُفيد بكاءٌ حين أبكيهِ واحَسرَتاهُ لعمرٍ ضاع أكثَرُه والويلُ إن كان باقِيهِ كماضيهِ,فاليومَ أبكي على ما فاتني أسفًا وهل,يُفيد بكاءٌ حين أبكيهِ واحَسرَتاهُ لعمرٍ ضاع,أكثَرُه والويلُ إن كان باقِيهِ كماضيهِ,20,False,False,False,False
ar_061,Arabic,1,ودي اعيش في عزلة ما ابي احد في مكان بعيد بس انا ويكون معي خيلي وبس بدون احد,ودي اعيش في عزلة ما ابي,احد في مكان بعيد بس انا,ويكون معي خيلي وبس بدون احد,18,False,False,False,False
ar_062,Arabic,1,ليا اكتر من شهرين فى اكتئاب وبلاوى سودة والموضوع اتطور لكوابيس وحاجة اخر قرف وفجأة يجي على بالى اشوف الرشته بتاعت ا,ليا اكتر من شهرين فى اكتئاب وبلاوى سودة,والموضوع اتطور لكوابيس وحاجة اخر قرف وفجأة,يجي على بالى اشوف الرشته بتاعت ا,22,True,True,False,False
ar_063,Arabic,1,ومفش احقر من انك تمشي لشخص تحكيله شي واجعك وتكون مكتئب وياخذ موضوعك ب استهزاء وما يحسش ولا حتى يكتئب معاك,ومفش احقر من انك تمشي لشخص تحكيله,شي واجعك وتكون مكتئب وياخذ موضوعك ب,استهزاء وما يحسش ولا حتى يكتئب معاك,21,False,False,False,False
ar_064,Arabic,0,و نعم الناس و نعم الضيافه . فى ناس لله فى لله بحب ازورهم علي طول .,و نعم الناس و نعم الضيافه,. فى ناس لله فى لله,بحب ازورهم علي طول .,17,False,False,False,False
ar_065,Arabic,1,وليّس الهجَر يؤلمني ولكّن جمًال الذُكرياتِ يهُز قلّبي أخادَع حُزن روّحي بالتمْني فأين حنًان ذاك القلّب عّني,وليّس الهجَر يؤلمني ولكّن جمًال الذُكرياتِ,يهُز قلّبي أخادَع حُزن روّحي بالتمْني,فأين حنًان ذاك القلّب عّني,17,False,False,False,False
ar_066,Arabic,1,احس مسلسل الي عندي محمل صار عنده اكتئاب هلكدما كلما انقهر وابچي افتحه اتفرج اني ودموعي المسلسل محتاج هسة,احس مسلسل الي عندي محمل صار عنده,اكتئاب هلكدما كلما انقهر وابچي افتحه,اتفرج اني ودموعي المسلسل محتاج هسة,19,True,False,True,False
ar_067,Arabic,0,الأدب قوة والحِلم قوة والصبر قوة واهمٌ من يظن عكس ذلك قُبلة حب وتقدير على رأس كل خلوق ودود لطيف في هذه الحياة,الأدب قوة والحِلم قوة والصبر قوة واهمٌ من,يظن عكس ذلك قُبلة حب وتقدير على رأس,كل خلوق ودود لطيف في هذه الحياة,23,False,False,False,False
ar_068,Arabic,1,مش قادره احدد ف حياتى إذا كنت مبسوطه ولا زعلانه بتمر عليا اوقات بقا كاره كل حاجه ف حياتى بجاهد علشان مدخلش ف مود وحش,مش قادره احدد ف حياتى إذا كنت مبسوطه ولا,زعلانه بتمر عليا اوقات بقا كاره كل حاجه,ف حياتى بجاهد علشان مدخلش ف مود وحش,25,False,False,False,False
ar_069,Arabic,1,في موجة اكتئاب داخلة عليا ان شاء اله أن شاء اله هتبقي دي الي هتموتني بقي,في موجة اكتئاب داخلة عليا ان,شاء اله أن شاء اله,هتبقي دي الي هتموتني بقي,16,True,True,False,False
ar_070,Arabic,1,أنا مُتعب ولا أستطيع احتمِال أعباء هذا الشعور ، أشعر بثقِل كبير جداً ، يجّثم فوق صدري ، يجّثم فوق ظهري و يصقلني ، أشعر بثقل كبير جداً ، ثقل كئيب و سَاحق و مدمر ، لقد تعِدى مُفهوم الثقل,أنا مُتعب ولا أستطيع احتمِال أعباء هذا الشعور ، أشعر بثقِل كبير جداً ،,يجّثم فوق صدري ، يجّثم فوق ظهري و يصقلني ، أشعر بثقل كبير,جداً ، ثقل كئيب و سَاحق و مدمر ، لقد تعِدى مُفهوم الثقل,40,False,False,False,False
ar_071,Arabic,1,انا قاعده افكر بالقطوة ذي شكان اسمها وهل مات عندهم وتايلور جاها اكتئاب او اتبناها احد ثاني او هي مب قطوتهم اصلا,انا قاعده افكر بالقطوة ذي شكان اسمها وهل,مات عندهم وتايلور جاها اكتئاب او اتبناها,احد ثاني او هي مب قطوتهم اصلا,22,True,False,True,False
ar_072,Arabic,0,دكتورة عندي بكرا مطعوم سينوفارم بتنصحيني اخذه ولا الغي موعدي واستنى موعد جديد على أمل يكون فايزر,دكتورة عندي بكرا مطعوم سينوفارم بتنصحيني,اخذه ولا الغي موعدي واستنى موعد,جديد على أمل يكون فايزر,17,False,False,False,False
ar_073,Arabic,1,انا رجعت اتسحل تاني في ال ودي حاجه متطمنش خالص شكلي داخل ع دور اكتئاب واسترها معانا يارب,انا رجعت اتسحل تاني في ال,ودي حاجه متطمنش خالص شكلي داخل,ع دور اكتئاب واسترها معانا يارب,18,True,False,False,True
ar_074,Arabic,0,إذا أردت أن تحيا حياة سعيدة توقف عن أخذ الحياة بجدية فالشخص الجدي دائماً يجذب لنفسه حياة صعبة تتوافق مع شخصيتة,إذا أردت أن تحيا حياة سعيدة توقف,عن أخذ الحياة بجدية فالشخص الجدي دائماً,يجذب لنفسه حياة صعبة تتوافق مع شخصيتة,21,False,False,False,False
ar_075,Arabic,1,أدركت كم كنت مخطئًا حين تغاضيت عن شعوري في بعض الأحيان حين دفنت بعض من الأحزان دون أن أطفأ نارها حين سدت فوهة صدري,أدركت كم كنت مخطئًا حين تغاضيت عن شعوري,في بعض الأحيان حين دفنت بعض من الأحزان,دون أن أطفأ نارها حين سدت فوهة صدري,24,False,False,False,False
ar_076,Arabic,1,شيء مش طبيعي زي إيه 😢😟 هموت يعني ولا ايه ☹️ يكونش ده قلق ماقبل الموت 🙄☹️,شيء مش طبيعي زي إيه 😢😟,هموت يعني ولا ايه ☹️ يكونش,ده قلق ماقبل الموت 🙄☹️,17,False,False,False,False
ar_077,Arabic,1,عندما أقر الانتحار لن أترك رسالة انتحار خلفي لقد كُنت في كُل يوم أبعث عدة رسائل لكن لا أحد يهتم,عندما أقر الانتحار لن أترك رسالة انتحار,خلفي لقد كُنت في كُل يوم أبعث,عدة رسائل لكن لا أحد يهتم,20,False,False,False,False
ar_078,Arabic,0,نفسي ربنا يجعلني سبب في مساعدة حد حتي لو شخص واحد علي وجه الارض .,نفسي ربنا يجعلني سبب في,مساعدة حد حتي لو شخص,واحد علي وجه الارض .,15,False,False,False,False
ar_079,Arabic,1,كل ما بصحى الصبح وألاقي شمس والجو حر وسخن وعموماً كل ما بحس إن الصيف بيقرب بحسني داخله على إكتئاب حاد😤,كل ما بصحى الصبح وألاقي شمس والجو,حر وسخن وعموماً كل ما بحس إن,الصيف بيقرب بحسني داخله على إكتئاب حاد😤,21,False,False,False,False
ar_080,Arabic,1,لو استمريت اواجه نفس المواقف والأحداث الي أنا أواجها بشكل شبه يومي اعتقد راح أدخل مرحلة اكتئاب جامدة,لو استمريت اواجه نفس المواقف والأحداث,الي أنا أواجها بشكل شبه يومي,اعتقد راح أدخل مرحلة اكتئاب جامدة,18,True,False,False,True
ar_081,Arabic,1,مو صاحيه المشكله انا احترمت وجهة نظرها وقلت اوك القرآن علاج لكن مو في كل الحالات مثلاً نفرض فيه شخص مسيحي وع,مو صاحيه المشكله انا احترمت وجهة نظرها وقلت,اوك القرآن علاج لكن مو في كل,الحالات مثلاً نفرض فيه شخص مسيحي وع,22,False,False,False,False
ar_082,Arabic,1,انا عمري ما كنت حزين ولقيت حد اروحله ولا اهل ولا حتى صحاب وهذا اسوء,انا عمري ما كنت حزين,ولقيت حد اروحله ولا اهل,ولا حتى صحاب وهذا اسوء,15,False,False,False,False
ar_083,Arabic,0,مفيش حاجه أسمها الحب للحبيب الأول الحب للانسان المناسب اللى يبعد عنك التعب النفسي والضغوطات اللى بتاكل فيك كل يوم,مفيش حاجه أسمها الحب للحبيب الأول الحب,للانسان المناسب اللى يبعد عنك التعب النفسي,والضغوطات اللى بتاكل فيك كل يوم,20,False,False,False,False
ar_084,Arabic,0,انا فرحان جدا انه بيلعب في فريق محد يعرفه لانه اصلا لاعب اقل من عادي انشهر بسبب مشاكله,انا فرحان جدا انه بيلعب في,فريق محد يعرفه لانه اصلا لاعب,اقل من عادي انشهر بسبب مشاكله,18,False,False,False,False
ar_085,Arabic,0,كنت احسب ما بشوف راكي ابداً وهو يشرف على العيال وقت التسجيل 😭 وربي سعيدة,كنت احسب ما بشوف راكي,ابداً وهو يشرف على العيال,وقت التسجيل 😭 وربي سعيدة,15,False,False,False,False
ar_086,Arabic,1,يؤلمني جسدي كثيراً في ظل انتظاري البائس أن يأتي يوماً جديداً يكون أفضل أنتظر هذا اليوم بشدة شيء ما في قلبي أشبه بالانتحار,يؤلمني جسدي كثيراً في ظل انتظاري البائس أن,يأتي يوماً جديداً يكون أفضل أنتظر هذا اليوم,بشدة شيء ما في قلبي أشبه بالانتحار,23,False,False,False,False
ar_087,Arabic,0,كل سنة وانتي طيبة ي ايثو ي قمر وعقبال سنين كتير ف سعادة ي قلبي ♥️♥️♥️😘😘🎊,كل سنة وانتي طيبة ي ايثو,ي قمر وعقبال سنين كتير,ف سعادة ي قلبي ♥️♥️♥️😘😘🎊,16,False,False,False,False
ar_088,Arabic,0,اللهم افتح لمن ساهم في السداد باب رزقٍ لايُسد وبارك له في ماله وعياله ومد في عمره وافتح له باب السعاده وراحة البال,اللهم افتح لمن ساهم في السداد باب رزقٍ,لايُسد وبارك له في ماله وعياله ومد في,عمره وافتح له باب السعاده وراحة البال,23,False,False,False,False
ar_089,Arabic,0,تايم لاين مره يجننننننننننن الي قدر و تكلم مع بنات جوس أنا سعيده لهم 🥺,تايم لاين مره يجننننننننننن الي,قدر و تكلم مع بنات,جوس أنا سعيده لهم 🥺,15,False,False,False,False
ar_090,Arabic,1,ماذا يفعل الحزن الذي نكتمه داخلنا ولا نتحدّث عنه إنه يتغذى على أرواحنا ينمو يكبر يلتقي بأحزان أُخرى,ماذا يفعل الحزن الذي نكتمه داخلنا,ولا نتحدّث عنه إنه يتغذى على,أرواحنا ينمو يكبر يلتقي بأحزان أُخرى,18,False,False,False,False
ar_091,Arabic,1,عندي نوبات قلق من المستقبل رهيبة ، لما تجيني احس الدنيا كلها علبعضها ماتسوا ، و اكره انها تجيني و ماحب اجلس لوحدي عشان ماتجيني ، الله ياخذ الانسان ياخي المعقد.,عندي نوبات قلق من المستقبل رهيبة ، لما تجيني احس الدنيا,كلها علبعضها ماتسوا ، و اكره انها تجيني و ماحب,اجلس لوحدي عشان ماتجيني ، الله ياخذ الانسان ياخي المعقد.,31,False,False,False,False
ar_092,Arabic,1,امبارح قولت يابت اتفرجي ع اي مسلسل حظي وقعني ف ملوك الجدعنه لاسف ايه كم القرف والكأبه دي وهو بجد ف مصر الحاجات دي,امبارح قولت يابت اتفرجي ع اي مسلسل حظي,وقعني ف ملوك الجدعنه لاسف ايه كم القرف,والكأبه دي وهو بجد ف مصر الحاجات دي,24,False,False,False,False
ar_093,Arabic,1,انا غبيه الي كنت مخليه التصوير ع لارا لان كمية الظلام الي بالصور يجيب اكتئاب,انا غبيه الي كنت مخليه,التصوير ع لارا لان كمية,الظلام الي بالصور يجيب اكتئاب,15,True,False,False,True
ar_094,Arabic,1,تبقي قاعد مكتئب وساكت ومضايق وفي حالك ومفتحتش بوقك بكلمة وفاضلك تكة وتولع في نفسك ودول يجوا يتخانقوا معاك,تبقي قاعد مكتئب وساكت ومضايق وفي حالك,ومفتحتش بوقك بكلمة وفاضلك تكة وتولع,في نفسك ودول يجوا يتخانقوا معاك,19,False,False,False,False
ar_095,Arabic,0,إبتسم حين يضيق عليك الأمر واستبشر فربُ الخير لا يأتي إلا بالخير و دائماً في الغيب شيء جميل يستحق الصبر🌹🕊,إبتسم حين يضيق عليك الأمر واستبشر فربُ,الخير لا يأتي إلا بالخير و دائماً,في الغيب شيء جميل يستحق الصبر🌹🕊,20,False,False,False,False
ar_096,Arabic,1,هناك نوع من الجهاد لا يعرفه الكثير من الناس وهو جهاد السعادة و هو محاولاتك أن تبقى سعيداً بالرغم من كآبة البيئة المحيطة بك,هناك نوع من الجهاد لا يعرفه الكثير من,الناس وهو جهاد السعادة و هو محاولاتك أن,تبقى سعيداً بالرغم من كآبة البيئة المحيطة بك,24,False,False,False,False
ar_097,Arabic,1,مو مستوعبه كيف درجاتي الترم دا حلوه وانا قاعده امر في العن مرحلة اكتئاب في حياتي,مو مستوعبه كيف درجاتي الترم دا,حلوه وانا قاعده امر في,العن مرحلة اكتئاب في حياتي,16,True,False,False,True
ar_098,Arabic,0,حمدلله اني كنت جزء من الطالبات الي كانوا يمثلو الكليه وجاوبوا على الاسئله وكل حاجة سعيده انه كنت جزء بسيط من انجاز كبير🥺❤️,حمدلله اني كنت جزء من الطالبات الي كانوا,يمثلو الكليه وجاوبوا على الاسئله وكل حاجة سعيده,انه كنت جزء بسيط من انجاز كبير🥺❤️,23,False,False,False,False
ar_099,Arabic,1,أني أخترت الطريق الخطأ أرهقتني الوحدة يا اله لا أقصد أني بلا أصدقاء لكني لا أجيد التعبير عما يحدث بداخلي,أني أخترت الطريق الخطأ أرهقتني الوحدة يا,اله لا أقصد أني بلا أصدقاء لكني,لا أجيد التعبير عما يحدث بداخلي,20,False,False,False,False
ar_100,Arabic,1,صراعات عاطفيه او نفسيه يوجد بدايه او عاطفه جديدة وهدية كذلك قلق أرق كوابيس حزن مكن يبي يبعد يشعر,صراعات عاطفيه او نفسيه يوجد بدايه او,عاطفه جديدة وهدية كذلك قلق أرق,كوابيس حزن مكن يبي يبعد يشعر,19,False,False,False,False
