id,language,label,full,prefix,middle,suffix,n_words,has_phrase
pt_001,Portuguese,0,"Quem chorou duas horas sem parar? Sim eu, pq minha família vai me matar com cada sintoma diferente que parece :x",Quem chorou duas horas sem parar? Sim,"eu, pq minha família vai me matar",com cada sintoma diferente que parece :x,21,False
pt_002,Portuguese,0,"Eu to há mais de um mês sem ir na barbearia, pelo amor...isso é suicídio social",Eu to há mais de um,"mês sem ir na barbearia,",pelo amor...isso é suicídio social,16,False
pt_003,Portuguese,0,Amg e a missao suicida dele na batalha dos bastardos que ele levou todo mundo pra morrer ali foi um odio viu ramsen pq n matou logo aquele merda,Amg e a missao suicida dele na batalha dos bastardos,que ele levou todo mundo pra morrer ali foi um,odio viu ramsen pq n matou logo aquele merda,29,False
pt_004,Portuguese,1,Queria poder ter uma forma simples de me despedir dos meus amigos de uma maneira que eles não percebam oque pretendo fazer. A minha carta de suicídio tá pronta e nela eu peço perdão a poucas pessoas. outras eu agradeço e outras eu agradeço por me fazerem chegar a isto,Queria poder ter uma forma simples de me despedir dos meus amigos de uma maneira que eles,não percebam oque pretendo fazer. A minha carta de suicídio tá pronta e nela eu peço perdão,a poucas pessoas. outras eu agradeço e outras eu agradeço por me fazerem chegar a isto,50,False
pt_005,Portuguese,1,[USER] serio eu vou me matar. eu n posso nem comer por causa dessa bct,[USER] serio eu vou me,matar. eu n posso nem,comer por causa dessa bct,15,False
pt_006,Portuguese,1,na minha carta de suicídio eu com certeza citaria o meu primo. sempre esfregam na minha cara que ele se sai melhor em tudo. que entrou na escola que eu não consegui entrar. que fez não sei o que e pa. pena que não poderia ver a cara de bosta deles lendo essa porra. desgraçados,na minha carta de suicídio eu com certeza citaria o meu primo. sempre esfregam na minha cara que ele,se sai melhor em tudo. que entrou na escola que eu não consegui entrar. que fez não sei,o que e pa. pena que não poderia ver a cara de bosta deles lendo essa porra. desgraçados,55,False
pt_007,Portuguese,1,Sinceramente? Pensei em suicídio umas 2362837x só esse ano e nunca deixei de ver isso c uma opção,Sinceramente? Pensei em suicídio umas 2362837x,só esse ano e nunca deixei,de ver isso c uma opção,18,False
pt_008,Portuguese,0,"*Girei os calcanhares observando-a com certa atenção.* — Sim? ""- Seja o que for o que o motiva a encontrar Severus lembre-se que não vale a pena viver em conflito com a pessoa que apesar de tudo sempre o favoreceu em Hogwarts!"" *A fitei por alguns segundos sorrindo em ironia*","*Girei os calcanhares observando-a com certa atenção.* — Sim? ""- Seja o que for o que o",motiva a encontrar Severus lembre-se que não vale a pena viver em conflito com a pessoa que,"apesar de tudo sempre o favoreceu em Hogwarts!"" *A fitei por alguns segundos sorrindo em ironia*",50,False
pt_009,Portuguese,1,hoje eu so chorei 2 vezes me autodeprecie 5 vezes lembre d coisas q me fazem 4 vezes e pensei em suicídio 3 vez eu acho q isso eh uma vitória,hoje eu so chorei 2 vezes me autodeprecie 5 vezes lembre,d coisas q me fazem 4 vezes e pensei em,suicídio 3 vez eu acho q isso eh uma vitória,31,False
pt_010,Portuguese,1,eu falo sobre me matar no twitter tem 30 anos eu n aguento mais falar falar falar e n fazer eu n mudo eu to tentando tudo que da pra mudar mas n consigo entao assim qual o sentido disso tudo,eu falo sobre me matar no twitter tem 30 anos eu n aguento mais,falar falar falar e n fazer eu n mudo eu to tentando tudo que,da pra mudar mas n consigo entao assim qual o sentido disso tudo,41,False
pt_011,Portuguese,1,o que eu sou se não um monte de merda inútil que não tem 1 qualidade que preste??? eu deveria me matar mesmo,o que eu sou se não um monte,de merda inútil que não tem 1 qualidade,que preste??? eu deveria me matar mesmo,23,False
pt_012,Portuguese,1,"em 2017 eu fiquei internade, tentei me matar, ia de mal a pior na escola e eu nem sequer imaginava que eu fosse sobreviver a tudo isso; hoje eu estou aqui, com a minha família, meus amigos e me esforçando para atingir os meus objetivos","em 2017 eu fiquei internade, tentei me matar, ia de mal a pior na escola",e eu nem sequer imaginava que eu fosse sobreviver a tudo isso; hoje eu estou,"aqui, com a minha família, meus amigos e me esforçando para atingir os meus objetivos",45,False
pt_013,Portuguese,0,"acho que estou emagrecendo mais, eu vou morrer e a minha mãe vai me matar","acho que estou emagrecendo mais,",eu vou morrer e a,minha mãe vai me matar,15,False
pt_014,Portuguese,1,"Eu vou me matar. Não sei com o que e não sei de que maneira, mas eu vou me matar.",Eu vou me matar. Não sei com,o que e não sei de que,"maneira, mas eu vou me matar.",20,False
pt_015,Portuguese,0,"[USER] [USER] [USER] [USER] [USER] [USER] Se a pessoa da minha família morresse antes do resultado do exame eu preferiria seguir os cuidados e sim, preferia não me despedir e correr o risco de contrair a doença. Um velório não vai fazer a pessoa que eu amo voltar mas pode me matar. Certo?",[USER] [USER] [USER] [USER] [USER] [USER] Se a pessoa da minha família morresse antes do resultado do exame,"eu preferiria seguir os cuidados e sim, preferia não me despedir e correr o risco de contrair a",doença. Um velório não vai fazer a pessoa que eu amo voltar mas pode me matar. Certo?,53,False
pt_016,Portuguese,1,Só queria fechar os olhos e essa bosta toda acabar mas quando acordo isso continua e continua e amanhã é segunda e quero morrer .,Só queria fechar os olhos e essa bosta toda,acabar mas quando acordo isso continua e continua,e amanhã é segunda e quero morrer .,25,False
pt_017,Portuguese,0,Comecei dois animes novos e esqueci completamente de bnha Kdkddkdkdkdk minha amiga vai me matar,Comecei dois animes novos e,esqueci completamente de bnha Kdkddkdkdkdk,minha amiga vai me matar,15,False
pt_018,Portuguese,0,puta que me pariu acabei de descobrir que tenho prova amanha eu vou me matar aaaacarALHOOO,puta que me pariu acabei de,descobrir que tenho prova amanha,eu vou me matar aaaacarALHOOO,16,False
pt_019,Portuguese,1,Eu sou um completo desastre em todos os aspectos da vida um inútil de verdade (já falaram isso pra mim ) o mundo vai ser um lugar melhor sem mim,Eu sou um completo desastre em todos os aspectos da,vida um inútil de verdade (já falaram isso pra mim,) o mundo vai ser um lugar melhor sem mim,30,False
pt_020,Portuguese,1,Aí eu me lembro de tudo que já me disseram e com eles o pensamento de suicídio tbm,Aí eu me lembro de tudo,que já me disseram e com,eles o pensamento de suicídio tbm,18,False
pt_021,Portuguese,0,"Hidroxicloroquina, criminosamente ""prescrita"" pelo governo federal, dentre várias reações admitidas pelo fabricante temos: -Cardiomiopatia que pode resultar em insuficiência cardíaca; -Psicose, comportamento suicida; -Insuficiência hepática fulminante... Prefiro virar jacaré!","Hidroxicloroquina, criminosamente ""prescrita"" pelo governo federal, dentre várias reações admitidas",pelo fabricante temos: -Cardiomiopatia que pode resultar em insuficiência cardíaca;,"-Psicose, comportamento suicida; -Insuficiência hepática fulminante... Prefiro virar jacaré!",29,False
pt_022,Portuguese,0,"[USER] [USER] queria ser criativa a ponto de ter sonho assim meus sonhos ou são até q bem realistas, ou extremamente ridículos do tipo minha coisa q segura bolsa ter vida e um clone do mal dela querer me matar (e eu nn conseguindo me mexer)",[USER] [USER] queria ser criativa a ponto de ter sonho assim meus sonhos ou são até,"q bem realistas, ou extremamente ridículos do tipo minha coisa q segura bolsa ter vida",e um clone do mal dela querer me matar (e eu nn conseguindo me mexer),46,False
pt_023,Portuguese,1,[USER] eu ja so quero morrer tbh porque é que raio achei que seria boa ideia?,[USER] eu ja so quero morrer,tbh porque é que raio,achei que seria boa ideia?,16,False
pt_024,Portuguese,1,me matar e deixar minha mae triste ou continuar vivendo sendo eu triste? eis a questao,me matar e deixar minha mae,triste ou continuar vivendo sendo,eu triste? eis a questao,16,False
pt_025,Portuguese,0,"[USER] pior q penso em ser prof real... mas no Brasil, pensar isso é quase um suicídio",[USER] pior q penso em ser,"prof real... mas no Brasil, pensar",isso é quase um suicídio,17,False
pt_026,Portuguese,1,"quando eu tenho crise me sinto mt culpada pq aqui acham q eu quero estar assim, q ridiculo. minha mãe faz eu me sentir culpada por isso e ela nem percebe da vontade de me matar, só pelo peso q eu sinto q sou.",quando eu tenho crise me sinto mt culpada pq aqui acham q eu quero estar,"assim, q ridiculo. minha mãe faz eu me sentir culpada por isso e ela nem","percebe da vontade de me matar, só pelo peso q eu sinto q sou.",44,False
pt_027,Portuguese,1,"quando o Lucas foi falar ano passado que eu tava em crise e tentei suicídio, ele tinha me deixando dormindo depois de chegar do hospital, mãe e irmã pediram pra ele não tocar no assunto. Minha família ignora minha doença e me ignora SEMPRE que possível","quando o Lucas foi falar ano passado que eu tava em crise e tentei suicídio, ele","tinha me deixando dormindo depois de chegar do hospital, mãe e irmã pediram pra ele",não tocar no assunto. Minha família ignora minha doença e me ignora SEMPRE que possível,46,False
pt_028,Portuguese,0,Avaliações bimestrais = desespero vai essa aqui mesmo e minha mãe vai me matar .,Avaliações bimestrais = desespero vai,essa aqui mesmo e minha,mãe vai me matar .,15,False
pt_029,Portuguese,1,eu nao aguento mais ele pelo amor de deus para de acabar com a minha vida,eu nao aguento mais ele pelo,amor de deus para de,acabar com a minha vida,16,True
pt_030,Portuguese,0,"serio, eu já to de saco cheio do colégio e dessa merda toda. Esse ano eu me formo e depois disso nunca mais piso em um colégio na vida, vou fugir até da faculdade. não quero me matar de estudar pra la na frente não conseguir ser ""alguem"" na vida.","serio, eu já to de saco cheio do colégio e dessa merda toda. Esse ano eu me","formo e depois disso nunca mais piso em um colégio na vida, vou fugir até da faculdade.","não quero me matar de estudar pra la na frente não conseguir ser ""alguem"" na vida.",50,False
pt_031,Portuguese,1,[USER] indo cair de cara nas drogas e cometer suicídio antes de eu completar 18,[USER] indo cair de cara,nas drogas e cometer suicídio,antes de eu completar 18,15,False
pt_032,Portuguese,1,Sei que é egoísmo da minha parte querer isso por causa de umas pessoas que gostam de mim e precisam Mas é difícil sabe isso tudo. Esse desânimo a vontade constante de querer morrer,Sei que é egoísmo da minha parte querer isso por causa de,umas pessoas que gostam de mim e precisam Mas é difícil,sabe isso tudo. Esse desânimo a vontade constante de querer morrer,34,False
pt_033,Portuguese,0,mds vou me matar eu manchei a mesa toda de vabeta pernanebte mds do ceu oq eu facooooooiiiooo mainha vai xomer meu cuzinho pqp vou me jofar do oredio,mds vou me matar eu manchei a mesa toda de,vabeta pernanebte mds do ceu oq eu facooooooiiiooo mainha vai,xomer meu cuzinho pqp vou me jofar do oredio,29,False
pt_034,Portuguese,1,às vezes eu acho que não vale a pena viver . o mundo só te decepciona e te coloca pra baixo as pessoas não prestam o que a gente ganha com isso tudo afinal? qual o propósito? não vejo mais nenhum,às vezes eu acho que não vale a pena viver . o mundo só,te decepciona e te coloca pra baixo as pessoas não prestam o que a,gente ganha com isso tudo afinal? qual o propósito? não vejo mais nenhum,41,False
pt_035,Portuguese,0,"[USER] eu quero morrer tanto quanto qualquer um aqui, mas meio cringe esse bagulho de romantismo",[USER] eu quero morrer tanto quanto,"qualquer um aqui, mas meio",cringe esse bagulho de romantismo,16,False
pt_036,Portuguese,1,Vi tão sublime a chuva caindo e não pude toca-la a sensação de vida que acompanha a chuva me foi tirada agora só me resta a sensação de estar morto ... É agoniante morrer enquanto ainda respiraacordando todas manhãs vivo dentro do mesmo corpo que pode ser intitulado de prisão..,Vi tão sublime a chuva caindo e não pude toca-la a sensação de vida que acompanha a,chuva me foi tirada agora só me resta a sensação de estar morto ... É agoniante morrer,enquanto ainda respiraacordando todas manhãs vivo dentro do mesmo corpo que pode ser intitulado de prisão..,50,False
pt_037,Portuguese,0,quer me matar é eu pedir opinião pra uma pessoa e ela responder com escolhe o q vc se sentir melhor,quer me matar é eu pedir opinião,pra uma pessoa e ela responder com,escolhe o q vc se sentir melhor,21,False
pt_038,Portuguese,0,A TELLA ESCREVEU O NOME NA CARTA ELA VAI TROCAR DE LUGAR COM A MÃE EU VOU ME MATAR,A TELLA ESCREVEU O NOME NA CARTA,ELA VAI TROCAR DE LUGAR COM,A MÃE EU VOU ME MATAR,19,False
pt_039,Portuguese,1,que caralho de tem comigo vsf fica crucificando ja quero morrer e ai ficam ai botando lenhw me apedrejando que porra,que caralho de tem comigo vsf fica,crucificando ja quero morrer e ai ficam,ai botando lenhw me apedrejando que porra,21,False
pt_040,Portuguese,1,tive uma crise fudida ontem e agr minha mãe n quer me deixar sozinha achando que eu vou me matar❤🥰😍🤩😝🌹🥳,tive uma crise fudida ontem e agr,minha mãe n quer me deixar sozinha,achando que eu vou me matar❤🥰😍🤩😝🌹🥳,20,False
pt_041,Portuguese,1,"gostei da sua motivação mas eu estou no fundo do poço, posso dar até algumas risadas, mas aqui, está marcado que preciso me matar",gostei da sua motivação mas eu estou no,"fundo do poço, posso dar até algumas risadas,","mas aqui, está marcado que preciso me matar",24,False
pt_042,Portuguese,1,talvez minhas aulas voltem dia 10 quero morrer não sei mais socializar tô em uma turma nova vou ficar mais triste ainda mas quero voltar e não quero vou surtar,talvez minhas aulas voltem dia 10 quero morrer não sei,mais socializar tô em uma turma nova vou ficar mais,triste ainda mas quero voltar e não quero vou surtar,30,False
pt_043,Portuguese,1,Meu amor próprio foi violado Minha privacidade foi revirada E ainda encontro ainda encontro Repetindo em minha mente Se não posso ser eu mesmo Eu me sentiria melhor morto,Meu amor próprio foi violado Minha privacidade foi revirada E,ainda encontro ainda encontro Repetindo em minha mente Se não,posso ser eu mesmo Eu me sentiria melhor morto,29,False
pt_044,Portuguese,0,socorro miga eu não quero morrer antes de ver o fim de got avengers e star wars,socorro miga eu não quero morrer,antes de ver o fim de,got avengers e star wars,17,False
pt_045,Portuguese,1,às vezes dá tanta vontade de me cortar outra vez mas realmente não vai fazer a diferença eu tinha é que me matar,às vezes dá tanta vontade de me cortar,outra vez mas realmente não vai fazer a,diferença eu tinha é que me matar,23,False
pt_046,Portuguese,1,ser adolescente é o que exatamente ? eu não sei se isto é só drama causado pela idade ou se me deva preocupar eu não quero estar aqui so quero ir,ser adolescente é o que exatamente ? eu não sei se,isto é só drama causado pela idade ou se me,deva preocupar eu não quero estar aqui so quero ir,31,False
pt_047,Portuguese,0,MINHA SANDÁLIA TOROU NO MEIO DA RUA MEU DEUS EU ME ODEIO VOU ME MATAR AGORA,MINHA SANDÁLIA TOROU NO MEIO DA,RUA MEU DEUS EU ME,ODEIO VOU ME MATAR AGORA,16,False
pt_048,Portuguese,1,"[USER] [USER] Isso é vdd, mas é muito melhor cometer suicidio do que esperar a morte","[USER] [USER] Isso é vdd, mas",é muito melhor cometer suicidio,do que esperar a morte,16,False
pt_049,Portuguese,0,hoje tem game of thrones e galera tomem cuidado - beba água - durmam bastante - Não se estressem - evitem sair de casa pq vc não vai querer morrer no dia da estreia da última temporada de got né ?,hoje tem game of thrones e galera tomem cuidado - beba água - durmam,bastante - Não se estressem - evitem sair de casa pq vc não vai,querer morrer no dia da estreia da última temporada de got né ?,41,False
pt_050,Portuguese,1,Estou bem? Não Vou estar bem em breve?provavelmente não Pretendo me matar? Sim Vou dizer o porque ou tentar continuar viva? Provavelmente não,Estou bem? Não Vou estar bem em breve?provavelmente,não Pretendo me matar? Sim Vou dizer o,porque ou tentar continuar viva? Provavelmente não,23,False
pt_051,Portuguese,1,O suicídio é a última opção. E olha que ironia... As opções estão se esgotando .,O suicídio é a última opção.,E olha que ironia... As,opções estão se esgotando .,16,False
pt_052,Portuguese,1,o maior medo da minha mãe é que eu cometa suicídio o meu maior medo é que ela cometa suicídio,o maior medo da minha mãe é,que eu cometa suicídio o meu maior,medo é que ela cometa suicídio,20,False
pt_053,Portuguese,1,A única solução é acabar com a minha vida e e isso que vou fazer adeus.,A única solução é acabar com,a minha vida e e,isso que vou fazer adeus.,16,True
pt_054,Portuguese,1,A única coisa que eu quero agora eh me matar de 400 formas diferentes 🙏,A única coisa que eu,quero agora eh me matar,de 400 formas diferentes 🙏,15,False
pt_055,Portuguese,1,"eu achei que se não me matasse em 2017 nunca mais ia me matar pq não me imaginava passando por momento pior, 2020 e 2021 mostrando que tudo sempre pode piorar",eu achei que se não me matasse em 2017 nunca mais,ia me matar pq não me imaginava passando por momento,"pior, 2020 e 2021 mostrando que tudo sempre pode piorar",31,False
pt_056,Portuguese,0,"[USER] MOSTROU-SE TÉCNICA, SEM CEDER A PRESSÃO NENHUMA: - cancela teste com vacinas por causa do SUICÍDIO de um dos testados, alegando que era por causa da vacina; - barraram a maconha medicinal por pura birra ideológica; - diretor ao lado do Jair nas manifestações antidemocráticas.","[USER] MOSTROU-SE TÉCNICA, SEM CEDER A PRESSÃO NENHUMA: - cancela teste com vacinas por causa do","SUICÍDIO de um dos testados, alegando que era por causa da vacina; - barraram a",maconha medicinal por pura birra ideológica; - diretor ao lado do Jair nas manifestações antidemocráticas.,46,False
pt_057,Portuguese,1,To só pensando: Aquele dia a gente acorda com vontade de dormir pra sempre porque tudo está uma bosta,To só pensando: Aquele dia a gente,acorda com vontade de dormir pra,sempre porque tudo está uma bosta,19,False
pt_058,Portuguese,0,[27/04/2021 14:05:58] Matheus William: Eu cujo nome esta na lista me comprometo a pagar o contrato kkkk Coso contrario Felipe vai me matar - felipe -dayse -Cleyton -Rafa -Matheus -Caio -Júnior -Adisson Castro Vixi kkkkkkkkkkkkk,[27/04/2021 14:05:58] Matheus William: Eu cujo nome esta na lista me comprometo,a pagar o contrato kkkk Coso contrario Felipe vai me matar -,felipe -dayse -Cleyton -Rafa -Matheus -Caio -Júnior -Adisson Castro Vixi kkkkkkkkkkkkk,35,False
pt_059,Portuguese,1,"cada dia q passa o suicídio deixa de ser ser uma opção e se torna uma certeza, pqp",cada dia q passa o suicídio,deixa de ser ser uma opção,"e se torna uma certeza, pqp",18,False
pt_060,Portuguese,0,Tô estranhando meu cabelo... Ele tá bonito por vários dias consecutivos kKkKkk isso é muito suspeito... Acho que ele vai tentar me matar kkkkkkkk,Tô estranhando meu cabelo... Ele tá bonito por,vários dias consecutivos kKkKkk isso é muito suspeito...,Acho que ele vai tentar me matar kkkkkkkk,24,False
pt_061,Portuguese,0,mano muito chato quero morrer não passo da cena do beijo enquanto a motorista vai embora,mano muito chato quero morrer não,passo da cena do beijo,enquanto a motorista vai embora,16,False
pt_062,Portuguese,0,[USER] [USER] segunda vez que me marcam nesse video hoje meus oomfs estao tentando me matar sabem que eu nao resisto ao jinho de cabelo preto,[USER] [USER] segunda vez que me marcam nesse video,hoje meus oomfs estao tentando me matar sabem que,eu nao resisto ao jinho de cabelo preto,26,False
pt_063,Portuguese,0,Se vc dormir pra sempre não vai mais dar risada das merdas que eu falo enquanto a gente almoça,Se vc dormir pra sempre não vai,mais dar risada das merdas que,eu falo enquanto a gente almoça,19,False
pt_064,Portuguese,1,hj faz um ano q eu fui liberada do hospital dps t tentar me matar,hj faz um ano q,eu fui liberada do hospital,dps t tentar me matar,15,False
pt_065,Portuguese,0,se eu não chegar do médico a tempo de ver a Champions eu vou me matar,se eu não chegar do médico,a tempo de ver a,Champions eu vou me matar,16,False
pt_066,Portuguese,0,[USER] Eu troco a minha letra a cada mês então fica meio confuso mas atualmente com letra minúscula mesmo minha mãe querendo me matar,[USER] Eu troco a minha letra a cada,mês então fica meio confuso mas atualmente com,letra minúscula mesmo minha mãe querendo me matar,24,False
pt_067,Portuguese,1,Aí que lindo sem querer falei que tava cansada de viver agora minha mãe fica perguntando se eu quero morrer,Aí que lindo sem querer falei que,tava cansada de viver agora minha mãe,fica perguntando se eu quero morrer,20,False
pt_068,Portuguese,0,"[USER] O hino da esquerda Ibis Meu caminho é de pedra, como posso sonhar Sonho feito de brisa, vento vem terminar Vou fechar o meu pranto, vou querer me matar",[USER] O hino da esquerda Ibis Meu caminho é de,"pedra, como posso sonhar Sonho feito de brisa, vento vem","terminar Vou fechar o meu pranto, vou querer me matar",30,False
pt_069,Portuguese,0,Quando a colega tá aqui são no máximo 7 consultas hj eu já lancei uns 15 kskskskskssk vão me matar eu tô sentindo,Quando a colega tá aqui são no máximo,7 consultas hj eu já lancei uns 15,kskskskskssk vão me matar eu tô sentindo,23,False
pt_070,Portuguese,0,"era pra gastar 10$ com o Marlboro, acabei comprando 2 assados e uma gasosa kkk cartão é suicídio 🤡","era pra gastar 10$ com o Marlboro,",acabei comprando 2 assados e uma,gasosa kkk cartão é suicídio 🤡,19,False
pt_071,Portuguese,0,O centro da sua vida tem q ser vc não outra pessoa se um dia essa pessoa for embora e vc ficar na merda ao ponto de querer morrer .. a culpa vai ser somente sua por ter colocada ela no centro da sua vida.,O centro da sua vida tem q ser vc não outra pessoa se um dia,essa pessoa for embora e vc ficar na merda ao ponto de querer morrer ..,a culpa vai ser somente sua por ter colocada ela no centro da sua vida.,45,False
pt_072,Portuguese,1,Atualmente eu estou entre: quero morrer Quero viver Quero me suicidar Quero deixar de apenas existir Quero literalmente me jogar na frente de um carro Quero viver uma aventura,Atualmente eu estou entre: quero morrer Quero viver Quero me,suicidar Quero deixar de apenas existir Quero literalmente me jogar,na frente de um carro Quero viver uma aventura,29,False
pt_073,Portuguese,0,Nunca vai da certo c ngm mesmo — kkk nasci sozinho e vou morrer sozinho cria …,Nunca vai da certo c ngm,mesmo — kkk nasci sozinho e,vou morrer sozinho cria …,17,False
pt_074,Portuguese,1,"nunca passei tanta vergonha na minha vida igual hj pqp ,quero me matar dps disso",nunca passei tanta vergonha na,minha vida igual hj pqp,",quero me matar dps disso",15,False
pt_075,Portuguese,0,"nao mas ja comentei ""nossa que lindo ele solteiro?"" e tavam juntos quis me matar","nao mas ja comentei ""nossa","que lindo ele solteiro?"" e",tavam juntos quis me matar,15,False
pt_076,Portuguese,0,"Indo pra 17° página do H.C (e ainda é o primeiro) e tô cambaleando de sono. Quero me matar? Sim, 100%",Indo pra 17° página do H.C (e,ainda é o primeiro) e tô cambaleando,"de sono. Quero me matar? Sim, 100%",21,False
pt_077,Portuguese,0,Levando em conta que a Cersei tá na lista da Arya de pessoas que ela quer matar desde a season 2 seria o fan service perfeito ela riscando mais um nome da lista matando a Cersei ainda mais com o rosto do Jamie (mas pra isso ele teria que estar morto ),Levando em conta que a Cersei tá na lista da Arya de pessoas que ela quer matar desde,a season 2 seria o fan service perfeito ela riscando mais um nome da lista matando a,Cersei ainda mais com o rosto do Jamie (mas pra isso ele teria que estar morto ),52,False
pt_078,Portuguese,1,maravilha meu pai vai tirar meu celular de novo e meu psicológico está 100% abalado se eu não acabar com minha vida hj...,maravilha meu pai vai tirar meu celular de,novo e meu psicológico está 100% abalado se,eu não acabar com minha vida hj...,23,True
pt_079,Portuguese,0,descobri o curiouscat acho legal quem quiser me matar por mensagem ou mandar mensagem de carinho fique a vontade,descobri o curiouscat acho legal quem quiser,me matar por mensagem ou mandar,mensagem de carinho fique a vontade,19,False
pt_080,Portuguese,0,"intolerância religiosa com a minha religião: vão me matar, holocausto, campo de concentração intolerância religiosa com ""bruxaria"" (qual?) e ""paganismo"" (não é uma religião): tão zoando quem acha que doendinho na garrafa é vivo","intolerância religiosa com a minha religião: vão me matar, holocausto, campo de","concentração intolerância religiosa com ""bruxaria"" (qual?) e ""paganismo"" (não é uma",religião): tão zoando quem acha que doendinho na garrafa é vivo,34,False
pt_081,Portuguese,0,minha mãe falando pra fazer miojo dois dias seguidos ela quer me matar sim ou claro?,minha mãe falando pra fazer miojo,dois dias seguidos ela quer,me matar sim ou claro?,16,False
pt_082,Portuguese,0,Qual é a trilha sonora da sua vida ? — Jão - vou morrer sozinho …,Qual é a trilha sonora da,sua vida ? — Jão,- vou morrer sozinho …,16,False
pt_083,Portuguese,1,eu to muito ansiosa essas semanas vou me matar em crise até meu pai vir,eu to muito ansiosa essas,semanas vou me matar em,crise até meu pai vir,15,False
pt_084,Portuguese,1,queria tanto ter coragem de me matar serio eu nao quero mais ser eu nao,queria tanto ter coragem de,me matar serio eu nao,quero mais ser eu nao,15,False
pt_085,Portuguese,1,eu to tentando nao me matar para de fazer eu me sentir inutil e ter medo dr vc,eu to tentando nao me matar,para de fazer eu me sentir,inutil e ter medo dr vc,18,False
pt_086,Portuguese,0,[USER] NAOO E CREDO BUBU TÁ DOIDINHOO É?!? vai me matar de boiolice sua avisa 👏,[USER] NAOO E CREDO BUBU TÁ,DOIDINHOO É?!? vai me matar,de boiolice sua avisa 👏,16,False
pt_087,Portuguese,1,vou me matar mano PUTA QUE PARIU como pode ser tão idiota e filha da puta,vou me matar mano PUTA QUE,PARIU como pode ser tão,idiota e filha da puta,16,False
pt_088,Portuguese,1,Faz uns 5 dias que eu não penso em me matar será essa uma evolução???,Faz uns 5 dias que,eu não penso em me,matar será essa uma evolução???,15,False
pt_089,Portuguese,1,"eu só to na avla há uma hora e meia, mas se alguma coisa acontecer com eles eu mato todos os envolvidos e depois cometo suicídio.",eu só to na avla há uma hora e,"meia, mas se alguma coisa acontecer com eles eu",mato todos os envolvidos e depois cometo suicídio.,26,False
pt_090,Portuguese,0,Tanta coisa pra fazer hoje e a cólica vem pra me matar derrubar e humilhar,Tanta coisa pra fazer hoje,e a cólica vem pra,me matar derrubar e humilhar,15,False
pt_091,Portuguese,0,"Eu preciso saber dessa Fofoca URGENTE, Tipo nao que seja da minha conta mas PFVR VAI ME MATAR POR DENTRO","Eu preciso saber dessa Fofoca URGENTE, Tipo",nao que seja da minha conta mas,PFVR VAI ME MATAR POR DENTRO,20,False
pt_092,Portuguese,0,tem uma mjna q trabalha cmg q ta tentando me matar desde o início da pandemia tava com covid nao falou nada depois o namorado tava com covid ela nao falou nada agr o irmao q mora com ela tava com covid e advinha??? nao falou nada,tem uma mjna q trabalha cmg q ta tentando me matar desde o início da pandemia,tava com covid nao falou nada depois o namorado tava com covid ela nao falou nada,agr o irmao q mora com ela tava com covid e advinha??? nao falou nada,47,False
pt_093,Portuguese,0,[USER] Começou o micareta suicida da oposição... vai ser lindo ver essa corja de vagabundos se desgraçar de vez perante a opinião pública.,[USER] Começou o micareta suicida da oposição... vai,ser lindo ver essa corja de vagabundos se,desgraçar de vez perante a opinião pública.,23,False
pt_094,Portuguese,0,"Que vontade de me matar pqp E quem colocou valor foi o estado, com o curso forçado, não a gente",Que vontade de me matar pqp E,"quem colocou valor foi o estado, com","o curso forçado, não a gente",20,False
pt_095,Portuguese,1,tem dias que eu não aguento mais morar sozinha mas se eu voltasse é como se eu tivesse assinando minha carta de suicídio pois sem condições. TEM DIAS QUE EU SÓ QUERIA QUE ALGUÉM PLANEJASSE O ALMOÇO COMIGO OU ME OUVISSE FALANDO DAS CENAS DO DORAMA,tem dias que eu não aguento mais morar sozinha mas se eu voltasse é como se,eu tivesse assinando minha carta de suicídio pois sem condições. TEM DIAS QUE EU SÓ,QUERIA QUE ALGUÉM PLANEJASSE O ALMOÇO COMIGO OU ME OUVISSE FALANDO DAS CENAS DO DORAMA,46,False
pt_096,Portuguese,0,"Curso Gratuito de Prevenção ao Suicídio: Promovido pela Escola de Saúde Pública do Paraná, em parceria com a UFRN, tem como objetivo qualificar e promover a reflexão sobre o manejo dos casos de comportamento suicida, em 65 horas/aula pelo sistema EAD.👇","Curso Gratuito de Prevenção ao Suicídio: Promovido pela Escola de Saúde Pública do Paraná,","em parceria com a UFRN, tem como objetivo qualificar e promover a reflexão sobre","o manejo dos casos de comportamento suicida, em 65 horas/aula pelo sistema EAD.👇",41,False
pt_097,Portuguese,0,[USER] Por isso que eu sou sua amiga cara!!! Quer me matar é ficar puto comigo e não dizer pq 😡😡,[USER] Por isso que eu sou sua,amiga cara!!! Quer me matar é ficar,puto comigo e não dizer pq 😡😡,21,False
pt_098,Portuguese,1,"queria morar em uma casinha no meio do mato sozinha, mudar de nome e dps me matar",queria morar em uma casinha no,"meio do mato sozinha, mudar de",nome e dps me matar,17,False
pt_099,Portuguese,0,"[USER] e eu que li ""tentar não me matar né"" e eu quase respondi ""tô assim tbm"" manoKKKKKKKKKKK","[USER] e eu que li ""tentar","não me matar né"" e eu","quase respondi ""tô assim tbm"" manoKKKKKKKKKKK",18,False
pt_100,Portuguese,0,AMASSEI O THOME ELE ME DEU 150 FALOU Q FOI FACIL E TEVE A PAUSA A MSC P ME MATAR,AMASSEI O THOME ELE ME DEU 150,FALOU Q FOI FACIL E TEVE A,PAUSA A MSC P ME MATAR,20,False
