id,language,user_id,label,full,prefix,middle,suffix,n_words,has_keyword,kw_in_prefix,kw_in_middle,kw_in_suffix,self_reported,suicidal_ideation
zh_001,Chinese,c_173,0,被朱正廷种草的口红必须拥有姓名！！ 1⃣ 嫩嫩的小番茄🍅 色！元气少女就是你！！ 2⃣ 高贵冷艳车厘子色🍒 ！气质小姐姐就是你！ 3⃣ 复古气场酒红色🍷 ！！霸气侧漏酷girl！！ [USER] [USER] 韶关,被朱正廷种草的口红必须拥有姓名！！ 1⃣ 嫩嫩的小番茄🍅 色！元气少女,就是你！！ 2⃣ 高贵冷艳车厘子色🍒 ！气质小姐姐就是你！ 3⃣ 复古,气场酒红色🍷 ！！霸气侧漏酷girl！！ [USER] [USER] 韶关,58,False,False,False,False,False,False
zh_002,Chinese,c_155,0,被全家宠着的小姑娘很幸福了！ [心] 王诗龄爷爷会每年给王诗龄画一幅画，价值很不菲了！[加油][加油][加油],被全家宠着的小姑娘很幸福了！ [心],王诗龄爷爷会每年给王诗龄画一幅画，价值很,不菲了！[加油][加油][加油],37,False,False,False,False,False,False
zh_003,Chinese,c_490,0,In wonderland So we went on our way 地点：保国寺 摄影 宁波·浙江工商职业技术学院,In wonderland So we went on,our way 地点：保国寺 摄影,宁波·浙江工商职业技术学院,18,False,False,False,False,False,False
zh_004,Chinese,d_061,1,当你觉得抑郁，难受，痛苦，想找个人倾诉，而别人觉得你只是矫情，无病呻吟，无理取闹的时候。 那种心情？？？,当你觉得抑郁，难受，痛苦，想找,个人倾诉，而别人觉得你只是矫情，无病呻吟,，无理取闹的时候。 那种心情？？？,32,True,True,False,False,True,False
zh_005,Chinese,d_298,1,抑郁 这年头奥特曼都胖，所以我胖也不奇怪吧 [鼓掌],抑郁 这年头奥特曼都胖，,所以我胖也不,奇怪吧 [鼓掌],16,True,True,False,False,False,True
zh_006,Chinese,d_118,1,终于知道为什么有人会疯掉会抑郁症会失眠。心里聚集的苦闷和难过真的让人要疯掉,终于知道为什么有人会疯掉会,抑郁症会失眠。心里聚集的苦闷,和难过真的让人要疯掉,24,True,False,True,False,False,True
zh_007,Chinese,d_474,1,抑郁体现在我身上，最恐怖的一点是失去所有感觉，即使现在地震了，我也根本不想爬起来，我甚至无法去判断地震是什么，还觉得被压死或许还挺愉快的。,抑郁体现在我身上，最恐怖的一点是失去所有感觉，,即使现在地震了，我也根本不想爬起来，我甚至无法去,判断地震是什么，还觉得被压死或许还挺愉快的。,45,True,True,False,False,False,True
zh_008,Chinese,c_475,0,漫漫人生，谁都不会一路顺遂，每一种向往的生活背后，都有你不曾吃过的苦，不曾流过的泪。别敷衍生活，别惧怕挫折，抓住每分每秒，去努力、去尝试、去改变。你的努力，就是改变人生最大的底气。,漫漫人生，谁都不会一路顺遂，每一种向往的生活背后，都有你不曾吃,过的苦，不曾流过的泪。别敷衍生活，别惧怕挫折，抓住每分每秒，,去努力、去尝试、去改变。你的努力，就是改变人生最大的底气。,62,False,False,False,False,False,False
zh_009,Chinese,d_258,1,我是抑郁的小草，拜托不要再刮起风来，这样我的心事如何能藏得住。 我是爱哭的小花，拜托不要再下起雨来，这样我的泪水如何能看得到。 我是缺爱的小蜗，拜托不要再给我冷漠，这样我的抑郁如何能好的了。,我是抑郁的小草，拜托不要再刮起风来，这样我的心事如何能藏得住。 我,是爱哭的小花，拜托不要再下起雨来，这样我的泪水如何能看得到。 我,是缺爱的小蜗，拜托不要再给我冷漠，这样我的抑郁如何能好的了。,67,True,True,False,True,True,False
zh_010,Chinese,d_147,1,抑郁症 我决定还是自己来对抗黑狗吧 不吃药了 即使每天都会失眠 头疼 心情低落 烦躁 黑狗不会一辈子都待在我这的 望能打败他吧 好好生活,抑郁症 我决定还是自己来对抗黑狗吧 不吃药了,即使每天都会失眠 头疼 心情低落 烦躁 黑狗不会一辈子,都待在我这的 望能打败他吧 好好生活,36,True,True,False,False,False,True
zh_011,Chinese,d_390,1,突然觉得自己生了孩子以后变得很抑郁，很忧虑……好累……,突然觉得自己生了孩子以后,变得很抑郁，很忧虑,……好累……,19,True,False,True,False,False,False
zh_012,Chinese,d_079,1,我确诊了 精神分裂抑郁症。她也有了新的人 你说 这一年半来的纠缠是不是也该结束了。 刚刚特别想死。不知道什么原因的问题 哎 我怎么这么丧呢,我确诊了 精神分裂抑郁症。她也有了新的人 你说,这一年半来的纠缠是不是也该结束了。 刚刚特别想,死。不知道什么原因的问题 哎 我怎么这么丧呢,43,True,True,False,False,True,False
zh_013,Chinese,c_356,0,救命，头痛了几日，食药都唔好，真系辛苦死 [生病],救命，头痛了几日，,食药都唔好，真系,辛苦死 [生病],17,False,False,False,False,False,False
zh_014,Chinese,d_194,1,晚上想和你说的好多话都放在这里 语言是太空洞的 不想告诉别人我遇到了谁 只想把感受放进生活里 放进时间里 抑郁也未必是坏事 它让我在你这里得到安慰在死气沉沉里看到鲜活 能被你吸引真好 我因为你变得更好的所有细枝末节我都想告诉你 没认真看着你的眼睛说过喜欢 但所有一切都在表达这喜欢,晚上想和你说的好多话都放在这里 语言是太空洞的 不想告诉别人我遇到了谁 只想把感受放进生活,里 放进时间里 抑郁也未必是坏事 它让我在你这里得到安慰在死气沉沉里看到鲜活 能被你吸引真好,我因为你变得更好的所有细枝末节我都想告诉你 没认真看着你的眼睛说过喜欢 但所有一切都在表达这喜欢,84,True,False,True,False,False,False
zh_015,Chinese,c_384,0,盗版终究是盗版，没有自信的人才会模仿前r [偷乐] [偷乐] [偷乐] [鄙视] [鄙视],盗版终究是盗版，没有自信的人才会,模仿前r [偷乐] [偷乐],[偷乐] [鄙视] [鄙视],28,False,False,False,False,False,False
zh_016,Chinese,d_253,1,吃了两个月的药 我也要跟抑郁好好做抗争 希望遇见你的时候我是好好的我 [可爱],吃了两个月的药 我也要,跟抑郁好好做抗争 希望遇见你的,时候我是好好的我 [可爱],27,True,False,True,False,False,False
zh_017,Chinese,c_497,0,我宣布一天考一科的生活就此结束🔚 接下来就是一周一科的漫长等待了 广州·华南师范大学(大学城校区),我宣布一天考一科的生活就此结束🔚,接下来就是一周一科的漫长等待了,广州·华南师范大学(大学城校区),24,False,False,False,False,False,False
zh_018,Chinese,c_211,0,不得了了， [USER] 大力翻我牌了 [泪] 就看了我和我的傻儿子的污腐聊天记录 [二哈] 求大力的心里阴影 [摊手] 感觉他再也不会翻我牌了 [打脸] 我需要阿拉蕾 的帮助 [抱抱] [USER],不得了了， [USER] 大力翻我牌了 [泪] 就看了我和我,的傻儿子的污腐聊天记录 [二哈] 求大力的心里阴影 [摊手] 感觉他,再也不会翻我牌了 [打脸] 我需要阿拉蕾 的帮助 [抱抱] [USER],56,False,False,False,False,False,False
zh_019,Chinese,d_064,1,抑郁症 我特别特别不明白， 为什么生病的我们，你们，他们需要互相鼓励？互相鼓励真的能让你重新开朗起来面对人生？仅仅只是靠着几句话？ 可能大多数的“病友”都没有真正在体会这种“病” 不要朋友不要家人不要陌生人 不要生活，只有自己，只想自己。 任何事任何人都不再在乎，没有情绪波澜 对了，这才是“病友”,抑郁症 我特别特别不明白， 为什么生病的我们，你们，他们需要互相鼓励？互相鼓励真的能让你重新开朗起来,面对人生？仅仅只是靠着几句话？ 可能大多数的“病友”都没有真正在体会这种“病” 不要朋友不要家人不要陌生人,不要生活，只有自己，只想自己。 任何事任何人都不再在乎，没有情绪波澜 对了，这才是“病友”,83,True,True,False,False,False,True
zh_020,Chinese,d_103,1,[泪] [泪] 所以大家有事不要憋着，憋久了就容易抑郁 [泪] [泪],[泪] [泪] 所以大家,有事不要憋着，憋久了就,容易抑郁 [泪] [泪],24,True,False,False,True,False,False
zh_021,Chinese,c_394,0,你不能当饭吃，但没有你 [USER] 的 生长-TFBOYS-王俊凯 ，我吃不下饭。 泉州,你不能当饭吃，但没有你,[USER] 的 生长-TFBOYS-,王俊凯 ，我吃不下饭。 泉州,23,False,False,False,False,False,False
zh_022,Chinese,c_209,0,14th. Dec. 2019 ☀️ 周六 周末愉快🦆 感冒了，头疼得慌，好好吃早餐篇 [馋嘴] 牛油果🥑 | 煎蛋 | 法棍🥖 | 牛奶🥛 365天早餐不重样 chargewu早餐 佛山,14th. Dec. 2019 ☀️ 周六 周末愉快🦆 感冒了，头疼,得慌，好好吃早餐篇 [馋嘴] 牛油果🥑 | 煎蛋,| 法棍🥖 | 牛奶🥛 365天早餐不重样 chargewu早餐 佛山,43,False,False,False,False,False,False
zh_023,Chinese,d_467,1,我打游戏好菜 是因为我需要你鼓励我 我说我好害怕 是想要你给你我打电话安慰我 我说我好饿 是想让你给我点东西吃 我说我好困 是我生气了 感情 物质 鼓励 安全感 你全都没有给我 自卑 抑郁 这些都是和你在一起之后的东西 我凭什么和你在一起？,我打游戏好菜 是因为我需要你鼓励我 我说我好害怕 是想要你给你我打电话安慰我 我说,我好饿 是想让你给我点东西吃 我说我好困 是我生气了 感情 物质 鼓励 安全感 你,全都没有给我 自卑 抑郁 这些都是和你在一起之后的东西 我凭什么和你在一起？,73,True,False,False,True,False,True
zh_024,Chinese,d_455,1,这是一个刚分手的废柴留学生的吐槽微博，满满的都是负能量和矫情的感伤，大概在抑郁症的边缘。所以若有人不经意看到了，听我一句，请离开吧，负面情绪并不值得阅读。这里就仅仅是个我难受时的树洞。还是让各位看官见笑了。,这是一个刚分手的废柴留学生的吐槽微博，满满的都是负能量和矫情的感伤，大概,在抑郁症的边缘。所以若有人不经意看到了，听我一句，请离开吧，负面情绪并,不值得阅读。这里就仅仅是个我难受时的树洞。还是让各位看官见笑了。,68,True,False,True,False,False,False
zh_025,Chinese,c_408,0,呐！给你我五颜六色的小心心❤️💛💚💙💜,呐！给你我,五颜六色的小心心❤,️💛💚💙💜,15,False,False,False,False,False,False
zh_026,Chinese,d_138,1,抑郁，让人丢掉生命，那么的猝不及防。二八年华已逝，只道一声，走好。,抑郁，让人丢掉生命，,那么的猝不及防。二八年华已逝，,只道一声，走好。,20,True,True,False,False,False,False
zh_027,Chinese,d_256,1,我冲动 较真 固执 有强迫症 有抑郁倾向 这些都是十年前就定下来的 现在怎么改,我冲动 较真 固执 有强迫症 有,抑郁倾向 这些都是十年前,就定下来的 现在怎么改,21,True,False,True,False,False,False
zh_028,Chinese,c_000,0,上庐山的时候已经没有雪啦 最后找到一块冰地凑合一下 [跪了] [跪了] 九江·庐山,上庐山的时候已经没有雪啦 最后,找到一块冰地凑合一下 [跪了,] [跪了] 九江·庐山,25,False,False,False,False,False,False
zh_029,Chinese,d_156,1,从中度抑郁到重度抑郁之间，只隔了一个家人的不理解。绝望…无时无刻的绝望。 想死或者就这样烂下去了，人生没有意义了。 把我生出来干嘛啊。。。 半颗米氮平还有安眠药一起都没什么用了。抗药性越来越强，换药越来越多 抽完最后一包烟。应该就到清晨了,从中度抑郁到重度抑郁之间，只隔了一个家人的不理解。绝望…无时无刻的绝望。 想死,或者就这样烂下去了，人生没有意义了。 把我生出来干嘛啊。。。 半颗米氮平还有,安眠药一起都没什么用了。抗药性越来越强，换药越来越多 抽完最后一包烟。应该就到清晨了,73,True,True,False,False,True,True
zh_030,Chinese,c_280,0,"我正在 [USER] 和 [USER] 。 ,快来和我一起围观互怼吧~",我正在 [USER] 和 [,"USER] 。 ,快来和",我一起围观互怼吧~,19,False,False,False,False,False,False
zh_031,Chinese,d_468,1,我好累，为什么总是这么惨 为什么为什么。感觉抑郁症来来回回陪了我6年了 [可爱],我好累，为什么总是这么惨,为什么为什么。感觉抑郁症来来回回陪了,我6年了 [可爱],23,True,False,True,False,True,False
zh_032,Chinese,d_046,1,抑郁症 我说我生病了难受想死，作业没写完还一整夜没睡，应该没有老师会相信吧,抑郁症 我说我生病了难受想,死，作业没写完还一整夜没睡,，应该没有老师会相信吧,23,True,True,False,False,False,False
zh_033,Chinese,c_333,0,今天和老妈做了一天的手工…中午开始做包子 晚上做面包…边做还边吃 [允悲] [允悲] 而且太忙了连运动都没做…只跳了早晚常规的跳绳 [笑cry] 今天吃的有点多…晚上还喝了鱼汤，💗鱼真的很新鲜，妈妈说感觉比过去在菜场买的还好，我说当然啊 现在都是直接捞了就送来武汉当然新鲜,今天和老妈做了一天的手工…中午开始做包子 晚上做面包…边做还边吃 [允悲] [允悲] 而且太忙了,连运动都没做…只跳了早晚常规的跳绳 [笑cry] 今天吃的有点多…晚上还喝了鱼汤，💗鱼,真的很新鲜，妈妈说感觉比过去在菜场买的还好，我说当然啊 现在都是直接捞了就送来武汉当然新鲜,92,False,False,False,False,False,False
zh_034,Chinese,d_110,1,抑郁症 抑郁症 抑郁的朋友！我有个办法，我们互相留地址我们写信吧，会比网络更好，可以相信我一次嘛，我们回到过去，我也有病，所以应该会懂得彼此吧！有想写信的么，可以私信我。回到最原始的交流方法，兴许有出路…… [心],抑郁症 抑郁症 抑郁的朋友！我有个办法，我们互相留地址我们写信吧，会比网络更好，,可以相信我一次嘛，我们回到过去，我也有病，所以应该会懂得彼此吧！有想,写信的么，可以私信我。回到最原始的交流方法，兴许有出路…… [心],71,True,True,False,False,True,True
zh_035,Chinese,c_185,0,在超市里的零零碎碎，妈呀！这些照片也好多啊！哈哈哈哈，慢慢整理！ 其实在日本住在居民区里也是不错的选择，超市已经可以让你逛的停不下来，而且周边也有药妆店，东西全价格和市中心的药妆店没有任何区别。第一次觉得住民宿也挺好的！ 澳大利亚·悉尼,在超市里的零零碎碎，妈呀！这些照片也好多啊！哈哈哈哈，慢慢整理！ 其实在日本住在,居民区里也是不错的选择，超市已经可以让你逛的停不下来，而且周边也有药妆店，,东西全价格和市中心的药妆店没有任何区别。第一次觉得住民宿也挺好的！ 澳大利亚·悉尼,70,False,False,False,False,False,False
zh_036,Chinese,d_208,1,坐月子就像坐牢，又痛又孤独，每天都在抑郁的边缘徘徊 [悲伤] [悲伤],坐月子就像坐牢，又痛又,孤独，每天都在抑郁的边缘,徘徊 [悲伤] [悲伤],23,True,False,True,False,False,True
zh_037,Chinese,c_495,0,520表白神器，完美礼物之一 [色] DW寓意“等我” 完美的相遇 是时光里难得的幸运，于千万年之中，在时间的长河里，没有早一分，也没有迟一秒，晒出你们心中与DW手镯的最强CP吧 或许会有全新的创意搭配呢♥️ 秒拍视频,520表白神器，完美礼物之一 [色] DW寓意“等我” 完美的相遇 是时光里难得,的幸运，于千万年之中，在时间的长河里，没有早一分，也没有迟一秒，晒出,你们心中与DW手镯的最强CP吧 或许会有全新的创意搭配呢♥️ 秒拍视频,68,False,False,False,False,False,False
zh_038,Chinese,c_388,0,出校门，摩托呼啸进学校，气味臭的让旁边的妹子猜烧的是什么汽油，我怀疑烧的是地沟油_(:з」∠)_,出校门，摩托呼啸进学校，气味臭的让,旁边的妹子猜烧的是什么汽油，我怀疑烧,的是地沟油_(:з」∠)_,35,False,False,False,False,False,False
zh_039,Chinese,d_279,1,每次感觉自己一无所有的时候 都会反思自己付出了什么 我应该是个自恋又极其自卑的一个人吧 我抑郁了吧 这几天瘦了三斤 吃什么都没胃口 好孤单 孤单,每次感觉自己一无所有的时候 都会反思自己付出了什么 我,应该是个自恋又极其自卑的一个人吧 我抑郁了,吧 这几天瘦了三斤 吃什么都没胃口 好孤单 孤单,41,True,False,True,False,False,False
zh_040,Chinese,d_087,1,以前的我，很爱说话，无论什么，每天都叽叽喳喳。那时候是我最快乐的时候。后来，我开始意识到别人并不想听我说的某些话，所以我开始有些话就不说了。话都藏在心里，所以现在心事重抑郁。导致我现在都不会说话了。有时候怕说错话让别人生气难过，所以就不说了。我很讨厌现在的自己 焦作,以前的我，很爱说话，无论什么，每天都叽叽喳喳。那时候是我最快乐的时候。后来，我开始意识到别人,并不想听我说的某些话，所以我开始有些话就不说了。话都藏在心里，所以现在心事重抑郁。,导致我现在都不会说话了。有时候怕说错话让别人生气难过，所以就不说了。我很讨厌现在的自己 焦作,92,True,False,True,False,False,False
zh_041,Chinese,d_198,1,我关注了抑郁症超话，小伙伴们快来加入抑郁症超话一起聊聊吧~戳这里→,我关注了抑郁症超话，小伙伴,们快来加入抑郁症超话,一起聊聊吧~戳这里→,19,True,True,True,False,True,True
zh_042,Chinese,d_108,1,《抑郁》 无言的悲伤 旋转跳跃的色彩 是你的回答 我没有发问 我该怎样发问 大概是昨天的事 而对今天来说 无非是又一次的无言,《抑郁》 无言的悲伤 旋转跳跃的色彩 是你,的回答 我没有发问 我该怎样发问 大概是昨天的,事 而对今天来说 无非是又一次的无言,35,True,True,False,False,False,True
zh_043,Chinese,d_195,1,抑郁症 今天要做的事：假笑 假礼貌 假开心。 早阿～,抑郁症 今天要做的事,：假笑 假礼貌 假,开心。 早阿～,16,True,True,False,False,False,False
zh_044,Chinese,c_077,0,⁽⁽ଘ( [心] )ଓ⁾⁾ | | | | | | | | | | ○︎ 变身！,⁽⁽ଘ( [心] )ଓ,⁾⁾ | | | | | | |,| | | ○︎ 变身！,26,False,False,False,False,False,False
zh_045,Chinese,d_182,1,不要去想抑郁症的原因，而是去思考它的意义。 ——《我的丈夫得了抑郁症》,不要去想抑郁症的原因，而是,去思考它的意义。 ——,《我的丈夫得了抑郁症》,24,True,True,False,True,False,True
zh_046,Chinese,d_419,1,天天带着一个还不会说话的儿子，他下班回来也总是沉默，经常一整天都没有一个说话的人，近期心情不好时，还常想离开人世，不知道这是不是抑郁症的征兆，长期下去谁能受的了，不抑郁才怪，同床异梦应该就是如此吧，这种日子真的好难熬，如果当初是另一种选择该多好,天天带着一个还不会说话的儿子，他下班回来也总是沉默，经常一整天都没有一个说话的人，,近期心情不好时，还常想离开人世，不知道这是不是抑郁症的征兆，长期下去谁能受的了，不,抑郁才怪，同床异梦应该就是如此吧，这种日子真的好难熬，如果当初是另一种选择该多好,77,True,False,True,True,False,True
zh_047,Chinese,c_336,0,今天是我的生日04月11日，来祝福我吧~,今天是我的生日,04月11日，,来祝福我吧~,15,False,False,False,False,False,False
zh_048,Chinese,d_459,1,失眠了，睡不着，突然觉得一切都是那么的不尽人意，我到底做错了什么吗？要这样对我，我想要的真的很简单，很简单……可是却又那么的难，老天爷为什么要一次一次的捉弄我？感觉自己真的过的很失败，或者真的是有些东西就不属于我，我是不是得了抑郁症了？内心世界那么的难受，没人能理解此刻我的想法……,失眠了，睡不着，突然觉得一切都是那么的不尽人意，我到底做错了什么吗？要这样对我，我想要的真的很简单,，很简单……可是却又那么的难，老天爷为什么要一次一次的捉弄我？感觉自己真的过的很失败，或者,真的是有些东西就不属于我，我是不是得了抑郁症了？内心世界那么的难受，没人能理解此刻我的想法……,89,True,False,False,True,False,False
zh_049,Chinese,c_406,0,19岁生日快乐🎂 🎉🎉🎉 希望这一年可以认真练琴，认真唱好声乐 做一个对社会有用的人 （原来小时候也是个假小子来着） [哆啦A梦微笑] [哆啦A梦微笑] [哆啦A梦微笑] 台州,19岁生日快乐🎂 🎉🎉🎉 希望这一年可以认真练琴，认真唱好声乐 做,一个对社会有用的人 （原来小时候也是个假小子来着） [哆啦,A梦微笑] [哆啦A梦微笑] [哆啦A梦微笑] 台州,57,False,False,False,False,False,False
zh_050,Chinese,d_476,1,抑郁症 哎哎哎呀，太惨了！！！抑郁没怎么复发，但是广场恐惧和失眠是越来越严重，，要疯求咯,抑郁症 哎哎哎呀，太惨了！！！,抑郁没怎么复发，但是广场恐惧和,失眠是越来越严重，，要疯求咯,28,True,True,True,False,False,True
zh_051,Chinese,d_136,1,爱情大概是世界上最没用的东西了 特别是我爱你 抑郁又要开始打击我了 症状开始了 厌食和失眠，，，，,爱情大概是世界上最没用的东西了,特别是我爱你 抑郁又要开始打击我了,症状开始了 厌食和失眠，，，，,30,True,False,True,False,False,True
zh_052,Chinese,d_293,1,有很多吧，自身经历，孤独，家庭的矛盾，家人的不理解，朋友的背叛，自卑，很多了也有因为失恋的，也有天生敏感的 抑郁症都有哪些发病的原因？,有很多吧，自身经历，孤独，家庭的矛盾，家人的,不理解，朋友的背叛，自卑，很多了也有因为失恋,的，也有天生敏感的 抑郁症都有哪些发病的原因？,45,True,False,False,True,False,True
zh_053,Chinese,d_013,1,半夜看看肺炎患者求助 看的人都要抑郁了 怎么会这样啊 第一次觉得人这么渺小无力 到底有谁可以帮他们呢,半夜看看肺炎患者求助 看的人都要,抑郁了 怎么会这样啊 第一次觉得人这么,渺小无力 到底有谁可以帮他们呢,29,True,False,True,False,False,False
zh_054,Chinese,d_272,1,他上次因我不接电话 发来短信说她生病住院 他照顾她之余还需顾店 他已经觉没有办法了 这么多年来 未曾听闻他用这样软弱的语气说话 也不曾见他流泪 没人知道他的艰辛和痛 因他的脾气和个性 不会有人去问 他亦不知几月前他的话伤我多深 我的自闭 抑郁 绝望 都由那些话而起 就像我在家的感觉 那样心寒,他上次因我不接电话 发来短信说她生病住院 他照顾她之余还需顾店 他已经觉没有办法了 这么多年来 未曾听闻,他用这样软弱的语气说话 也不曾见他流泪 没人知道他的艰辛和痛 因他的脾气和个性 不会有人去问,他亦不知几月前他的话伤我多深 我的自闭 抑郁 绝望 都由那些话而起 就像我在家的感觉 那样心寒,90,True,False,False,True,False,False
zh_055,Chinese,d_018,1,是的，抑郁症没有「模样」。没有模样，自然就无法被理解，于是，大家的态度大体上会呈现出两种，要么觉得你不是病，是作，要指责你；要么就觉得你有病，神经病，要远离你。,是的，抑郁症没有「模样」。没有模样，自然就无法被理解，,于是，大家的态度大体上会呈现出两种，要么觉得你不是病，是作,，要指责你；要么就觉得你有病，神经病，要远离你。,54,True,True,False,False,False,False
zh_056,Chinese,c_101,0,一切都会变好 超好 爆好 无敌好 你一定会和喜欢的人结婚的,一切都会变好 超好 爆好,无敌好 你一定会和,喜欢的人结婚的,17,False,False,False,False,False,False
zh_057,Chinese,d_383,1,因为穷导致的不开心也能叫抑郁症？？？不是应该叫绝症吗？？？？？？,因为穷导致的不开心也能,叫抑郁症？？？不是应该叫,绝症吗？？？？？？,24,True,False,True,False,False,False
zh_058,Chinese,c_371,0,元旦快乐 [USER] 你是我四年的信仰， 一直在我心里大放光芒， 愿你明年一切如愿以偿， 披荆斩棘，自信张扬， 也愿我明年发挥超常， 在理想的高中放飞梦想。 2021，不再迷惘。,元旦快乐 [USER] 你是我四年的信仰， 一直在我心里大,放光芒， 愿你明年一切如愿以偿， 披荆斩棘，自信张扬， 也愿我,明年发挥超常， 在理想的高中放飞梦想。 2021，不再迷惘。,49,False,False,False,False,False,False
zh_059,Chinese,d_478,1,前两天听群里有人说起三毛 这个我最喜欢的女作家，他说看了三毛的全集后就患了抑郁症，想去追随三毛。后来，猛然想起只看过她写的撒哈拉她与荷西的故事。梦里花落知多少我也买回来继续看，能触动我心扉的莫非还是那些句子，但愿那位朋友能从别人的故事里走出来，然而我却拼命在回忆。突然想去撒哈拉，和心爱的人吧。,前两天听群里有人说起三毛 这个我最喜欢的女作家，他说看了三毛的全集后就患了抑郁症，想去追随三毛。后来,，猛然想起只看过她写的撒哈拉她与荷西的故事。梦里花落知多少我也买回来继续看，能触动我心扉的莫非还是那些,句子，但愿那位朋友能从别人的故事里走出来，然而我却拼命在回忆。突然想去撒哈拉，和心爱的人吧。,96,True,True,False,False,False,True
zh_060,Chinese,c_063,0,我刚刚加入了“熊猫守护者”，据说会在陕西秦岭种下真实的竹子哦! 你也快来加入我们，一起为萌萌的熊猫种竹子吧！ 熊猫守护者,我刚刚加入了“熊猫守护者”，据说会在陕西,秦岭种下真实的竹子哦! 你也快来加入我们,，一起为萌萌的熊猫种竹子吧！ 熊猫守护者,38,False,False,False,False,False,False
zh_061,Chinese,c_377,0,日常 家里的饭菜太妙了太妙了 [悲伤] [悲伤] [悲伤] 东阳市,日常 家里的饭菜太妙了太妙了,[悲伤] [悲伤,] [悲伤] 东阳市,16,False,False,False,False,False,False
zh_062,Chinese,c_022,0,还有一个月就要到2020年啦 [兔子] 决定看看《那个不为人知的故事》 [泪] [泪],还有一个月就要到2020年啦 [,兔子] 决定看看《那个不为人知的,故事》 [泪] [泪],24,False,False,False,False,False,False
zh_063,Chinese,c_104,0,已经到了晚上吃饭的地方 外面有个洗手池 有个镜子 于是有了自拍 成都·崇州市街子古镇旅游景区,已经到了晚上吃饭的地方 外面,有个洗手池 有个镜子 于是有了自拍,成都·崇州市街子古镇旅游景区,23,False,False,False,False,False,False
zh_064,Chinese,d_271,1,日子一天天过，自己却还在原地踏步，快疯了，焦虑抑郁寡欢 [失望] [失望] [失望] [失望] 马上又六月了，目标呢？？？,日子一天天过，自己却还在原地踏步，快疯了,，焦虑抑郁寡欢 [失望] [失望] [失望] [,失望] 马上又六月了，目标呢？？？,38,True,False,True,False,True,True
zh_065,Chinese,c_361,0,昨天跟朋友一起吃的海鲜。 [色] [色] [色],昨天跟朋友一起吃的,海鲜。 [色] [,色] [色],17,False,False,False,False,False,False
zh_066,Chinese,c_030,0,大三课真的好多，从早上到晚，周五放假周六补课周天返校，这是回到了高中吧。,大三课真的好多，从早上到,晚，周五放假周六补课周天返校,，这是回到了高中吧。,23,False,False,False,False,False,False
zh_067,Chinese,d_044,1,我抑郁起来天昏地暗五感六欲失 丧起来除唯有吃吃吃买买买能继续维持 奋进起来心无旁骛不择手段理性到底 博爱起来向天地万物播撒阳光与温暖,我抑郁起来天昏地暗五感六欲失 丧起来除唯有,吃吃吃买买买能继续维持 奋进起来心无旁骛不择手段,理性到底 博爱起来向天地万物播撒阳光与温暖,32,True,True,False,False,True,False
zh_068,Chinese,c_316,0,闲人忧愁多 忙人快乐多 要保持忙碌 它是世界上最快乐的药😋,闲人忧愁多 忙人快乐多,要保持忙碌 它是世界,上最快乐的药😋,19,False,False,False,False,False,False
zh_069,Chinese,c_194,0,⌛2019注册会计师考试倒计时121天 CPA打卡2小时 听完了晓博的24 25 讲视频 背了25分钟的单词太久没背效率极低,⌛2019注册会计师考试倒计时121天 CPA打卡2,小时 听完了晓博的24 25 讲视频,背了25分钟的单词太久没背效率极低,31,False,False,False,False,False,False
zh_070,Chinese,c_011,0,必看视频！哪都有贪得无厌的！ 奥运私人教练沈韦羲的秒拍视频 （使用 录制，免流量看热门短视频！）,必看视频！哪都有贪得无厌的！ 奥运,私人教练沈韦羲的秒拍视频 （使用 录制,，免流量看热门短视频！）,29,False,False,False,False,False,False
zh_071,Chinese,c_334,0,格调集 精心出品 新店开业，钜惠全场! [USER] [USER] [USER],格调集 精心出品 新店开业，,钜惠全场! [USER],[USER] [USER],20,False,False,False,False,False,False
zh_072,Chinese,d_124,1,每天三四点就醒了，然后辗转反侧，再也睡不着了，想想身为睡神的我，尽然也沦落到这种地步，失眠好可怕，我会不会就此抑郁了 [悲伤],每天三四点就醒了，然后辗转反侧，再也睡不着了，,想想身为睡神的我，尽然也沦落到这种地步，,失眠好可怕，我会不会就此抑郁了 [悲伤],38,True,False,False,True,False,False
zh_073,Chinese,c_068,0,话痨小佳妮，人不狠话挺多 [挖鼻] [挖鼻] 心姐快回来！和你拍照📷～ [USER] [太开心],话痨小佳妮，人不狠话挺多 [挖鼻],[挖鼻] 心姐快回来！和你,拍照📷～ [USER] [太开心],31,False,False,False,False,False,False
zh_074,Chinese,d_471,1,抑郁症 朋友圈的人都在庆祝祖国70周年，我以前也挺爱国的，可是现在对任何事情内心毫无波澜。,抑郁症 朋友圈的人都在庆祝祖国70,周年，我以前也挺爱国的，,可是现在对任何事情内心毫无波澜。,27,True,True,False,False,False,False
zh_075,Chinese,c_415,0,我们小鬼现在能承受多大诋毁以后就会有多大赞美 💛 [USER],我们小鬼现在能承受多大,诋毁以后就会有多,大赞美 💛 [USER],18,False,False,False,False,False,False
zh_076,Chinese,c_124,0,怎么可以每天都有动力上学啊 上了高一发现自己越来越不喜欢上学了 [伤心],怎么可以每天都有动力上学,啊 上了高一发现自己越来越不,喜欢上学了 [伤心],20,False,False,False,False,False,False
zh_077,Chinese,c_461,0,又（yòu）双（shuāng）叒（ruò）叕（zhuó）一个周末过去了,又（yòu）双（shu,āng）叒（ruò）叕,（zhuó）一个周末过去了,26,False,False,False,False,False,False
zh_078,Chinese,d_486,1,抑郁症 小时候不懂因为爱玩天天把自己衣服弄脏，现在长大了懂事了也是爱玩，却把自己弄的全身是血,抑郁症 小时候不懂因为爱玩天天把自己衣服,弄脏，现在长大了懂事了也是爱玩,，却把自己弄的全身是血,29,True,True,False,False,False,True
zh_079,Chinese,c_033,0,刘海影响颜值巅峰 大学时期和现在，我只想说大学那张那么暗的光线我怎么拍的下去！还有那齐不 [赞] 齐斜不斜的刘海是我自己剪的 |温州·罗阳...,刘海影响颜值巅峰 大学时期和现在，我只想说大学那张那么,暗的光线我怎么拍的下去！还有那齐不 [赞],齐斜不斜的刘海是我自己剪的 |温州·罗阳...,46,False,False,False,False,False,False
zh_080,Chinese,c_450,0,，我是第2498个申请开通 超级话题的粉丝，申请粉丝越多，开通几率越大，大家快来帮我加快开通速度吧~,，我是第2498个申请开通 超级话题的,粉丝，申请粉丝越多，开通几率越大,，大家快来帮我加快开通速度吧~,31,False,False,False,False,False,False
zh_081,Chinese,c_084,0,准备睡觉的时候 我发现了两个小可爱 醒图要抱抱 轻颜做鬼脸 [鼓掌] [鼓掌] 保山·保山学院,准备睡觉的时候 我发现了两个,小可爱 醒图要抱抱 轻颜做鬼脸 [鼓掌,] [鼓掌] 保山·保山学院,24,False,False,False,False,False,False
zh_082,Chinese,c_002,0,上色了。感觉要被那些小patterns搞瞎。哈哈 littlecandiary的秒拍视频,上色了。感觉要被,那些小patterns搞瞎。,哈哈 littlecandiary的秒拍视频,18,False,False,False,False,False,False
zh_083,Chinese,d_186,1,我想要安眠药。 安眠药只有医院才可以开，也就是说我得去确诊我的抑郁症。不，确诊，相当于暴露我所有不堪，相当于让我的父母再一次濒临崩溃。 那我宁愿耗着，宁愿我在崩溃。,我想要安眠药。 安眠药只有医院才可以开，也就是说我得去确诊我,的抑郁症。不，确诊，相当于暴露我所有不堪，相当于让我的,父母再一次濒临崩溃。 那我宁愿耗着，宁愿我在崩溃。,50,True,False,True,False,False,True
zh_084,Chinese,d_334,1,好友不願我與他有半分瓜葛，想讓我從生命中抹去他的存在，她是陪著我在抑郁期走了一整路的人，見證了我整個失態的時期。她只是不願再看到我難過。,好友不願我與他有半分瓜葛，想讓我從生命中抹去,他的存在，她是陪著我在抑郁期走了一整路的人,，見證了我整個失態的時期。她只是不願再看到我難過。,51,True,False,True,False,False,False
zh_085,Chinese,d_437,1,2020年3月25日，今天中午回家了，焦虑，抑郁，恐惧……这种日子什么时候是个头啊！ 石家庄·中山东路,2020年3月25日，今天中午回家,了，焦虑，抑郁，恐惧……这种,日子什么时候是个头啊！ 石家庄·中山东路,30,True,False,True,False,True,True
zh_086,Chinese,c_374,0,看了爱情公墓才知道为什么王传君为什么不接 [允悲] [允悲] [允悲],看了爱情公墓才知道为什么,王传君为什么不接 [允悲],[允悲] [允悲],19,False,False,False,False,False,False
zh_087,Chinese,d_413,1,被抑郁症折磨到要死了 [嘻嘻] 是真的自责 也真的想死 到底什么时候才能死 废物,被抑郁症折磨到要死了 [嘻嘻,] 是真的自责 也真的想,死 到底什么时候才能死 废物,22,True,True,False,False,True,True
zh_088,Chinese,d_086,1,抑郁 受不了了我睡了。 早安。 私信评论赞 醒了再看。 感觉精神快崩了。,抑郁 受不了了我睡了。 早安,。 私信评论赞 醒了再,看。 感觉精神快崩了。,22,True,True,False,False,False,True
zh_089,Chinese,d_171,1,哦对我想吐槽个事 还好这个微博目前没有认识的人知道 班里有个女生 周围人都说她作 昨天开直播说自己抑郁症犯了抽了六根烟怎么怎么的 我特看不起她 这么健康的人 非得装病显得自己很有逼格 这年头是不是没有抑郁症人格分裂就拿不出手？不懂 一直不敢告诉别人我的身体状况 就是想正常地活着,哦对我想吐槽个事 还好这个微博目前没有认识的人知道 班里有个女生 周围人都说她作,昨天开直播说自己抑郁症犯了抽了六根烟怎么怎么的 我特看不起她 这么健康的人 非得装病显得自己,很有逼格 这年头是不是没有抑郁症人格分裂就拿不出手？不懂 一直不敢告诉别人我的身体状况 就是想正常地活着,77,True,False,True,True,False,True
zh_090,Chinese,c_070,0,一定要去学校，学校能获得机会和自由远比现在多的多。,一定要去学校，学校,能获得机会和自由远比,现在多的多。,17,False,False,False,False,False,False
zh_091,Chinese,c_093,0,“以前觉得自己的性格一定能和很多人合的来 什么样的朋友都能结交 后来明白交朋友或许不难 难的是变成知己 人与人之间真的有磁场这回事 一接触就能感觉出来 有些人能和你一见如故 有些人永远不会深交 不是不好 只是磁场不合 所以能遇到一拍即合的人真的挺幸运的 且行且珍惜”,“以前觉得自己的性格一定能和很多人合的来 什么样的朋友都能结交 后来明白交朋友或许不难 难,的是变成知己 人与人之间真的有磁场这回事 一接触就能感觉出来 有些人能和你一见如故,有些人永远不会深交 不是不好 只是磁场不合 所以能遇到一拍即合的人真的挺幸运的 且行且珍惜”,73,False,False,False,False,False,False
zh_092,Chinese,c_076,0,今天我17岁了，我喜欢你6年了❤，希望得到你的祝福 [USER] ❤❤❤,今天我17岁了，我喜欢你,6年了❤，希望得到你,的祝福 [USER] ❤❤❤,25,False,False,False,False,False,False
zh_093,Chinese,c_409,0,❥ 4个哭泣的女人中谁是真的伤心？测你这些年受过的委屈。欢迎留言评论！相当准的，稍后发布答案！ [USER] 瑶瑶麻麻为你分享,❥ 4个哭泣的女人中谁是真的伤心？测你,这些年受过的委屈。欢迎留言评论！相当准的,，稍后发布答案！ [USER] 瑶瑶麻麻为你分享,40,False,False,False,False,False,False
zh_094,Chinese,c_440,0,致敬我即将过去的一个星期忙得忙得忙得不可开交的日子 [鲜花] [鲜花] [鲜花],致敬我即将过去的一个星期忙得,忙得忙得不可开交的日子 [,鲜花] [鲜花] [鲜花],25,False,False,False,False,False,False
zh_095,Chinese,d_207,1,抑郁症前期，今早脑海中第一次有了自杀的冲动，虽然只是很快一闪而过…… 常熟市,抑郁症前期，今早脑海中第一次有,了自杀的冲动，虽然,只是很快一闪而过…… 常熟市,19,True,True,False,False,False,True
zh_096,Chinese,c_009,0,欢乐谷万圣节妆容=一支口红+一个心灵手巧聪明可爱的菲菲+三个不怎么帅的帅哥 [USER] [USER] [USER] [USER] 武汉,欢乐谷万圣节妆容=一支口红+一个心灵手巧聪明可爱,的菲菲+三个不怎么帅的帅哥 [USER],[USER] [USER] [USER] 武汉,32,False,False,False,False,False,False
zh_097,Chinese,c_491,0,在电影频道又看了一遍滚蛋吧肿瘤君，觉得自己泪点低到可怕。第一次看的时候哭瞎，这次再哭瞎。严肃推荐这部电影，因为熊顿和朋友们的光头，熊顿爸爸买薯片，妈妈织毛衣，以及你不是我，你不会明白你对我的意义。人生只有在经历过、爱过、坚强过、战胜过自己才算没有白活，因为人生就是拿来爱与被爱的。,在电影频道又看了一遍滚蛋吧肿瘤君，觉得自己泪点低到可怕。第一次看的时候哭瞎，这次再哭瞎。严肃推荐,这部电影，因为熊顿和朋友们的光头，熊顿爸爸买薯片，妈妈织毛衣，以及你不是我，你不会明白你对我的,意义。人生只有在经历过、爱过、坚强过、战胜过自己才算没有白活，因为人生就是拿来爱与被爱的。,94,False,False,False,False,False,False
zh_098,Chinese,d_368,1,考完扶摇，听着外面的雨声，想着一些事情，心情抑郁 北京·牛栏山地区,考完扶摇，听着外面的,雨声，想着一些事情，,心情抑郁 北京·牛栏山地区,19,True,False,False,True,False,False
zh_099,Chinese,c_485,0,TFBOYS 🧡 “你们只管善良，上天自有衡量☀️” [USER] [USER] [USER],TFBOYS 🧡 “你们只管善良，上天,自有衡量☀️” [USER,] [USER] [USER],22,False,False,False,False,False,False
zh_100,Chinese,c_073,0,北风呼呼从哪来它又呜呜向哪去 星星冷的眨眼睛为什么它不穿棉衣,北风呼呼从哪来它又呜呜,向哪去 星星冷的,眨眼睛为什么它不穿棉衣,19,False,False,False,False,False,False
