id,language,label,full,prefix,middle,suffix,n_words,has_keyword,kw_in_prefix,kw_in_middle,kw_in_suffix,Happiness,Sadness,Anger,Disgust,Surprise,Fear,Sentiment
th_001,Thai,0,อยากให้มันมีความรู้เรื่องโรคซึมเศร้า ปัญหาอาการทางจิตต่างๆ ครอบคลุมเข้าถึงภายในครอบครัวอะ คือพอมีข่าวแล้วคือครอบครัวตีความผิดๆ อธิบายไปในบางเรื่องที่รู้เค้าก็ไม่เข้าใจ เค้าหาว่ากูเป็นโรคซึมเศร้าไปอีก กูก็อธิบายว่ามีภาวะก่อนจะเป็นไม่ใชอยู่ๆจะเป็นเลย โอ้ยรำคญว่ะแม่ง,อยากให้มันมีความรู้เรื่องโรคซึมเศร้า ปัญหาอาการทางจิตต่างๆ ครอบคลุมเข้าถึงภายในครอบครัวอะ คือพอมีข่าวแล้วคือ,ครอบครัวตีความผิดๆ อธิบายไปในบางเรื่องที่รู้เค้าก็ไม่เข้าใจ เค้าหาว่ากูเป็นโรคซึมเศร้าไปอีก กู,ก็อธิบายว่ามีภาวะก่อนจะเป็นไม่ใชอยู่ๆจะเป็นเลย โอ้ยรำคญว่ะแม่ง,65,True,True,True,False,0,0,1,0,0,0,2
th_002,Thai,0,"เราสู้จนเหนื่อยแล้วนะ ทำไมยังต้องเจอ "" สู้ดิ คนลำบากกว่าแกยังมีอีกเยอะ "" 🙂",เราสู้จนเหนื่อยแล้วนะ ทำไมยัง,"ต้องเจอ "" สู้ดิ คนลำบาก","กว่าแกยังมีอีกเยอะ "" 🙂",22,False,False,False,False,0,1,0,1,0,0,2
th_003,Thai,0,ที่ไม่ร้องไห้ ไม่ใช่เพราะไม่รู้สึก แต่ มันเสียใจเกินกว่าจะร้องไห้,ที่ไม่ร้องไห้ ไม่ใช่,เพราะไม่รู้สึก แต่ มัน,เสียใจเกินกว่าจะร้องไห้,15,False,False,False,False,0,1,0,0,0,0,2
th_004,Thai,1,เพราะฉันคงหมดเวลา ถึงคราวต้องจากลา บนเส้นทางไกลแสนไกล ไม่อาจจะคืนย้อนมา,เพราะฉันคงหมดเวลา ถึงคราวต้อง,จากลา บนเส้นทางไกลแสน,ไกล ไม่อาจจะคืนย้อนมา,18,False,False,False,False,0,1,0,0,0,0,2
th_005,Thai,1,แม่แท้ๆของเรา ไล่เราไปผูกคอตายทั้งๆที่ตอนแรกตีเราเราก็ยืนมีดให้ฆ่าเราเลย เพราะไม่อยากให้เราเกิดมาอยู่แล้ว ทำไมไม่ฆ่าเราเลย ไม่อยากทนกับความทรมานนี้แล้ว อยากตายอยากตายอยากตายอยากตายอยากตาย ฆ่าฉันสิฆ่าฉันสิฆ่าฉันสิ55555555 จากฟางปรางทิพย์ :),แม่แท้ๆของเรา ไล่เราไปผูกคอตายทั้งๆที่ตอนแรกตีเราเราก็ยืนมีดให้ฆ่าเราเลย เพราะไม่,อยากให้เราเกิดมาอยู่แล้ว ทำไมไม่ฆ่าเราเลย ไม่อยากทนกับความทรมานนี้แล้ว อยากตายอยาก,ตายอยากตายอยากตายอยากตาย ฆ่าฉันสิฆ่าฉันสิฆ่าฉันสิ55555555 จากฟางปรางทิพย์ :),67,False,False,False,False,0,1,0,1,0,0,2
th_006,Thai,1,ไม่รู้จะอดทนไปเพื่ออะไรแล้ว ต่อให้เราดีขึ้น ชีวิตเราจะดีขึ้นจริงหรอ? ต่อให้เราพยายามมากขึ้น มันจะมีความหมายงั้นหรอ? ไม่จริงทั้งหมดนั่นแหละ นั่นคือเหตุผลที่ฉันอยากหายไปจากโลกใบนี้,ไม่รู้จะอดทนไปเพื่ออะไรแล้ว ต่อให้เราดีขึ้น ชีวิตเราจะดีขึ้น,จริงหรอ? ต่อให้เราพยายามมากขึ้น มันจะมีความหมายงั้นหรอ? ไม่จริง,ทั้งหมดนั่นแหละ นั่นคือเหตุผลที่ฉันอยากหายไปจากโลกใบนี้,44,False,False,False,False,0,1,1,1,0,1,2
th_007,Thai,1,กี่ครั้งแล้วที่พยายามไม่หยิบคัตเตอร์และหยิบอย่างอื่นมากรีดแทน เพราะไม่อยากให้เป็นรอยแผลชัด,กี่ครั้งแล้วที่พยายามไม่หยิบคัตเตอร์,และหยิบอย่างอื่นมากรีดแทน,เพราะไม่อยากให้เป็นรอยแผลชัด,22,False,False,False,False,0,1,0,0,0,1,2
th_008,Thai,0,เรารู้ว่าเราจิตไม่ปกติ เพราะใครกันล่ะที่ทำให้เราเป็นแบบนี้,เรารู้ว่าเราจิตไม่,ปกติ เพราะใครกันล่ะ,ที่ทำให้เราเป็นแบบนี้,16,False,False,False,False,0,1,1,1,0,0,2
th_009,Thai,1,ที่ไม่กรีดแขน... ไม่ได้กลัวเจ็บ ไม่ได้กลัวตาย แต่เพราะไม่อยากฟังคำดูถูก และความเห็นใจจากใคร ถ้าจะตาย ก็จะตายโดยไม่บอกใคร ตายอย่างเงียบๆ ดีกว่า สบายใจกว่าเยอะเลย,ที่ไม่กรีดแขน... ไม่ได้กลัวเจ็บ ไม่ได้กลัวตาย แต่,เพราะไม่อยากฟังคำดูถูก และความเห็นใจจากใคร ถ้าจะตาย ก็,จะตายโดยไม่บอกใคร ตายอย่างเงียบๆ ดีกว่า สบายใจกว่าเยอะเลย,43,False,False,False,False,0,1,0,1,0,0,2
th_010,Thai,1,"คุณยมทูตคะ ""อะไร"" ""หนูมีความสุขจังเลยค่ะ"" ""ทั้งๆที่เธอตายเนี้ยนะ"" ""ค่ะ หนูรู้สึกเหมือนได้ออกมายังโลกที่มีความสุขกว่าโลกที่ หนูเคยอยู่ ได้ปลดปล่อยความรู้แย่ๆออกมา "" ""... (เธออาจเป็นวิญญาณตนแรกที่บ้าบอที่สุด)""","คุณยมทูตคะ ""อะไร"" ""หนูมีความสุขจังเลยค่ะ"" ""ทั้งๆที่เธอตายเนี้ย","นะ"" ""ค่ะ หนูรู้สึกเหมือนได้ออกมายังโลกที่มีความสุขกว่าโลกที่ หนูเคยอยู่","ได้ปลดปล่อยความรู้แย่ๆออกมา "" ""... (เธออาจเป็นวิญญาณตนแรกที่บ้าบอที่สุด)""",57,False,False,False,False,0,1,0,0,0,0,0
th_011,Thai,1,มาร้องไห้ มากอดกูตอนกูจะตายมันก็ไม่ได้อะไรหรอก,มาร้องไห้ มากอดกู,ตอนกูจะตายมัน,ก็ไม่ได้อะไรหรอก,15,False,False,False,False,0,1,1,0,0,0,2
th_012,Thai,1,Loser มาก ขนาดจะฆ่าตัวตายยังทำไม่ได้ ไม่มีเชือก ไม่มีปืน ไม่มีถ่าน จะเอามีดมาแทงตัวเองก็กลัวไม่ตาย จะออกไปข้างนอกบ้านยังไม่กล้า เป็นได้แค่เป็ดที่ทำอะไรก็ไม่ดีสักอย่าง,Loser มาก ขนาดจะฆ่าตัวตายยังทำไม่ได้ ไม่มีเชือก ไม่มีปืน ไม่,มีถ่าน จะเอามีดมาแทงตัวเองก็กลัวไม่ตาย จะออกไปข้าง,นอกบ้านยังไม่กล้า เป็นได้แค่เป็ดที่ทำอะไรก็ไม่ดีสักอย่าง,47,False,False,False,False,0,1,1,1,0,0,2
th_013,Thai,0,ขาดยาก่อนเจอหมอ1วัน จะลงเเดงเเล้ว อยู่ไม่สุขเลย ฮืออออ ตื้อไปหมด เหมือนคนจะตาย,ขาดยาก่อนเจอหมอ1วัน จะ,ลงเเดงเเล้ว อยู่ไม่สุขเลย ฮือออ,อ ตื้อไปหมด เหมือนคนจะตาย,24,False,False,False,False,0,1,0,0,0,1,2
th_014,Thai,1,ไม่อยากฆ่าตัวตาย แค่อยากหายไปจากโลก คือคำตอบของเราที่ตอบหมอไป จากคำามจะเลือกฆ่าตัวตายด้วยวิธีไหน,ไม่อยากฆ่าตัวตาย แค่อยากหายไปจากโลก,คือคำตอบของเราที่ตอบหมอไป จาก,คำามจะเลือกฆ่าตัวตายด้วยวิธีไหน,26,False,False,False,False,0,1,0,0,0,1,2
th_015,Thai,0,ถ้าการที่เราเก็บทุกคำพูดของคนอื่นมาคิด โดนคนในบ้านพูดแทงใจบ่อยๆ แอบร้องไห้คนเดียวบ่อย อยากอยู่คนเดียว เครียด คิดมาก ไม่มีสมาธิ เหม่อลอยบ่อย รู้สึกเหมือนไม่มีที่ให้เราอยู่แล้ว ไม่มีใครต้องการแล้ว ไม่มีใครเข้าใจเราแล้ว เคยแอบคิดเรื่องตายบ้างนิดหน่อย (มีต่อในเม้น),ถ้าการที่เราเก็บทุกคำพูดของคนอื่นมาคิด โดนคนในบ้านพูดแทงใจบ่อยๆ แอบร้องไห้คนเดียวบ่อย,อยากอยู่คนเดียว เครียด คิดมาก ไม่มีสมาธิ เหม่อลอยบ่อย รู้สึกเหมือนไม่มีที่ให้เราอยู่แล้ว ไม่มีใครต้องการ,แล้ว ไม่มีใครเข้าใจเราแล้ว เคยแอบคิดเรื่องตายบ้างนิดหน่อย (มีต่อในเม้น),62,False,False,False,False,0,1,0,0,0,0,2
th_016,Thai,1,มันไม่มีใครอยากมานั่งกรีดแขนตัวเองซ้ำๆเพื่อให้คนอื่นหันมามอบความรักให้หรอกนะที่ทำเพราะเรารู้ไงว่าไอ้แผลกายข้างนอกนี่มันไม่เคยเจ็บเท่าแผลในใจเลยสักครั้งคุณไม่ต้องสนใจหรอกเราก็ไม่ได้ต้องการไม่ต้องสงสาร และไม่ต้องซ้ำเติม ขอแค่นี้เอง,มันไม่มีใครอยากมานั่งกรีดแขนตัวเองซ้ำๆเพื่อให้คนอื่นหันมามอบความรักให้หรอกนะที่,ทำเพราะเรารู้ไงว่าไอ้แผลกายข้างนอกนี่มันไม่เคยเจ็บเท่าแผลในใจ,เลยสักครั้งคุณไม่ต้องสนใจหรอกเราก็ไม่ได้ต้องการไม่ต้องสงสาร และไม่ต้องซ้ำเติม ขอแค่นี้เอง,58,False,False,False,False,0,1,1,0,0,0,2
th_017,Thai,0,"ตัวจริง เสียงจริง ของจริง!! ทักมาได้นะค่ะ ปรึกษาฟรี [USER]์มาสอบได้คะ 🆔0625566923 📌สูตรเข้มข้นThc95% 👉 ราคา 1,300.- ✅ ขนาด 5 ml ของแท้100% 📦 ฟรีค่าจัดส่งด่วนทั่วประเทศ",ตัวจริง เสียงจริง ของจริง!! ทักมาได้นะค่ะ ปรึกษาฟรี [USER]์,"มาสอบได้คะ 🆔0625566923 📌สูตรเข้มข้นThc95% 👉 ราคา 1,300",.- ✅ ขนาด 5 ml ของแท้100% 📦 ฟรีค่าจัดส่งด่วนทั่วประเทศ,42,False,False,False,False,0,0,0,0,0,0,0
th_018,Thai,0,ใช่ค่ะวันๆนึงคิดจะตายไปแล้วเป็นพันรอบ ไล่อีกทีจะตายให้ดูแล้วนะ,ใช่ค่ะวันๆนึงคิดจะ,ตายไปแล้วเป็นพันรอบ ไล่,อีกทีจะตายให้ดูแล้วนะ,21,False,False,False,False,0,1,0,0,0,0,2
th_019,Thai,1,สับสนกับความรู้สึกตอนนี้มากๆเลยอ่ะ รักษามา3ปีตอนนี้เหมืนมันจะดีขึ้นเริ่มมีภาพสิ่งที่อยากทำในหัวลางๆ แต่ในความรู้สึกนึงก็คือไม่ได้อยากจะอยู่ในโลกนี้ขนาดนั้น,สับสนกับความรู้สึกตอนนี้มากๆเลยอ่ะ รักษามา3ปีตอนนี้เหมืน,มันจะดีขึ้นเริ่มมีภาพสิ่งที่อยากทำในหัวลางๆ แต่,ในความรู้สึกนึงก็คือไม่ได้อยากจะอยู่ในโลกนี้ขนาดนั้น,45,False,False,False,False,0,1,0,1,0,0,2
th_020,Thai,1,ถ้าเราบอกว่าเราอ่อนแอ เรายอมแพ้ มันจะสามารถจบทุกอย่างได้ไหมอะ เพราะถ้าได้เราจะทำ ในเมื่อสิ่งที่เป็นอยู่ตอนนี้เราไม่มีความสุขเลย,ถ้าเราบอกว่าเราอ่อนแอ เรายอมแพ้ มันจะสามารถ,จบทุกอย่างได้ไหมอะ เพราะถ้าได้เราจะทำ,ในเมื่อสิ่งที่เป็นอยู่ตอนนี้เราไม่มีความสุขเลย,32,False,False,False,False,0,1,0,0,0,1,2
th_021,Thai,0,"แม่ชอบโทรมาก่อนนอนแล้วบอกฉันว่า ""รักตัวเองให้มากๆรักแม่รักน้องเด้อ"" รู้..รู้ว่าแม่ห่วงไม่อยากเห็นรอยแผล เป็นที่แขนลูก แต่เขาไม่เคยรู้เลยว่าฉัน รู้สึกแย่ทุกครั้งที่ได้ยิน ก็ไม่รู้ว่าทำไม มีแต่ความรู้สึกผิดมันเหมือนตัวกระตุ้นอีกอย่างให้ทำขอโทษนะคะแต่ฉันรักพวกเขามากนะ","แม่ชอบโทรมาก่อนนอนแล้วบอกฉันว่า ""รักตัวเองให้มากๆรักแม่รักน้องเด้อ"" รู้..",รู้ว่าแม่ห่วงไม่อยากเห็นรอยแผล เป็นที่แขนลูก แต่เขาไม่เคยรู้เลยว่าฉัน รู้สึกแย่ทุกครั้งที่ได้ยิน,ก็ไม่รู้ว่าทำไม มีแต่ความรู้สึกผิดมันเหมือนตัวกระตุ้นอีกอย่างให้ทำขอโทษนะคะแต่ฉันรักพวกเขามากนะ,70,False,False,False,False,0,1,0,1,0,1,2
th_022,Thai,0,ทำไมถึงคิดว่าการบุลลี่เป็นเรื่องปกติ ทั้งที่มันทำลายชีวิตคนไปหลายคนแล้ว,ทำไมถึงคิดว่าการบุล,ลี่เป็นเรื่องปกติ ทั้งที่มันทำลาย,ชีวิตคนไปหลายคนแล้ว,18,False,False,False,False,0,1,1,0,0,0,2
th_023,Thai,1,ความเศร้ากัดกินฉันในทุกวัน รอวันที่มันจะกัดกินลมหายใจสุดท้ายของฉันแค่นั้นเอง.,ความเศร้ากัดกินฉันในทุกวัน รอ,วันที่มันจะกัดกินลมหายใจ,สุดท้ายของฉันแค่นั้นเอง.,19,False,False,False,False,0,1,0,0,0,0,2
th_024,Thai,1,"‘ I’m not ok, I feel so scattered... ‘ ... ฉันไม่โอเคเลย, รู้สึกแหลกสลายเป็นเสี่ยงๆ","‘ I’m not ok, I feel",so scattered... ‘ ... ฉันไม่โอเค,"เลย, รู้สึกแหลกสลายเป็นเสี่ยงๆ",24,False,False,False,False,0,1,0,0,0,0,2
th_025,Thai,0,น้ำมันกัญชาสูตร อ.เดชา ไม่ขมไม่เมา ปลอดภัย 100% มีโปรลดราคา และของแถม!!! ยินดีให้คำปรึกษาวิธีการใช้และรักษาโรค สนใจสินค้า inbox หรือกดลิงค์แอดไลน์,น้ำมันกัญชาสูตร อ.เดชา ไม่ขมไม่เมา ปลอดภัย 100,% มีโปรลดราคา และของแถม!!! ยินดีให้คำปรึกษาวิธีการใช้,และรักษาโรค สนใจสินค้า inbox หรือกดลิงค์แอดไลน์,32,False,False,False,False,0,0,0,0,0,0,0
th_026,Thai,1,ฉันดีใจที่ได้ออกไปพักผ่อน แต่ในขณะเดียวกันการพักผ่อนของฉันคือการนอนหลับไปแล้วไม่ต้องตื่นมาอีกเลย มากกว่า...,ฉันดีใจที่ได้ออกไปพักผ่อน แต่,ในขณะเดียวกันการพักผ่อนของฉันคือการนอนหลับไป,แล้วไม่ต้องตื่นมาอีกเลย มากกว่า...,24,False,False,False,False,0,1,0,0,0,0,2
th_027,Thai,1,-เหนื่อยไหม :เหนื่อยสิ -งั้นหายไปสิจะได้ไม่เหนื่อย :อื้อ เข้าใจเเล้ว:),-เหนื่อยไหม :เหนื่อยสิ -,งั้นหายไปสิจะได้ไม่,เหนื่อย :อื้อ เข้าใจเเล้ว:),20,False,False,False,False,0,1,0,0,0,0,0
th_028,Thai,0,ส่งโรงพยาบาลทัน clorazeplate 5 mg 8 เม็ด clonazepam 2 mg 3 เม็ด ยาแก้ลำไส้แปรปรวนอีก 5 เม็ด escitalopram 10 mg 19 เม็ด เหล้ารี อีก 8 ฝาเพียว คิดว่าตายนะถ้าไม่มีคนมาเจอ,ส่งโรงพยาบาลทัน clorazeplate 5 mg 8 เม็ด clonazepam 2 mg 3 เม็ด ยา,แก้ลำไส้แปรปรวนอีก 5 เม็ด escitalopram 10 mg 19 เม็ด เหล้ารี อีก,8 ฝาเพียว คิดว่าตายนะถ้าไม่มีคนมาเจอ,41,False,False,False,False,0,0,0,0,0,1,2
th_029,Thai,1,ไม่อยากอยุ่เป็นความอึดอัดของใคร ตายๆไปคงดีเพื่อจะมีคนรู้สึกดีกับตัวเราบ้าง,ไม่อยากอยุ่เป็นความอึดอัดของใคร,ตายๆไปคงดีเพื่อจะ,มีคนรู้สึกดีกับตัวเราบ้าง,21,False,False,False,False,0,1,0,1,0,0,2
th_030,Thai,0,พอตกเย็นยิ่งต้องกอดตัวเองให้แน่นๆ ไม่ชอบอารมณ์แบบนี้เลย,พอตกเย็นยิ่งต้อง,กอดตัวเองให้แน่นๆ,ไม่ชอบอารมณ์แบบนี้เลย,15,False,False,False,False,0,1,0,0,0,1,2
th_031,Thai,1,ถ้าวันนี้ฉันตาย ฉันไม่เสียดายอะไรเลยเพาะนั้นคือความสุขสุดท้ายที่มีแล้วจริงๆ,ถ้าวันนี้ฉันตาย ฉันไม่,เสียดายอะไรเลยเพาะนั้นคือ,ความสุขสุดท้ายที่มีแล้วจริงๆ,18,False,False,False,False,0,1,0,0,0,0,2
th_032,Thai,1,ไม่เคยแม้แต่กรีดข้อมือ เพราะไม่อยากให้ใครมองว่าเรียกร้องความสนใจ แต่เลือกกินยาจะโอเวอร์โดส จะได้ดูเหมือนแค่หลับไปเฉย ๆ แต่จะโอเวอร์โดสกี่ครั้ง สุดท้ายก็ต้องตื่น,ไม่เคยแม้แต่กรีดข้อมือ เพราะไม่อยากให้ใครมองว่าเรียกร้องความสนใจ,แต่เลือกกินยาจะโอเวอร์โดส จะได้ดูเหมือนแค่หลับ,ไปเฉย ๆ แต่จะโอเวอร์โดสกี่ครั้ง สุดท้ายก็ต้องตื่น,37,False,False,False,False,0,1,0,0,0,1,2
th_033,Thai,0,แค่อยู่ ม.6 ตอนนี้ก็เครียดมากอยู่แล้ว ทำไมต้องเป็นอะไรแบบนี้ด้วย,แค่อยู่ ม.6 ตอนนี้,ก็เครียดมากอยู่แล้ว ทำไม,ต้องเป็นอะไรแบบนี้ด้วย,15,False,False,False,False,0,1,0,0,0,0,2
th_034,Thai,1,ทำร้ายตัวเองก็ไม่เห็นตายนิ รู้สึกดีด้วย ทำไมถึงจะไม่ทำละ ในเมื่อสิ่งที่เราทำได้มันมีแค่นี้,ทำร้ายตัวเองก็ไม่เห็นตายนิ รู้สึกดี,ด้วย ทำไมถึงจะไม่ทำละ ใน,เมื่อสิ่งที่เราทำได้มันมีแค่นี้,25,False,False,False,False,0,1,0,0,0,1,2
th_035,Thai,0,มีแต่เรารึป่าวที่โตมา ไม่เคยมีเซอร์ไพรส์วันเกิด ไม่มีของขวัญ ไม่มีการบอกรัก ไม่ทีการกอด ไม่มีอะไรเลย รวมถึงความสุข,มีแต่เรารึป่าวที่โตมา ไม่เคยมี,เซอร์ไพรส์วันเกิด ไม่มีของขวัญ ไม่มีการบอกรัก,ไม่ทีการกอด ไม่มีอะไรเลย รวมถึงความสุข,30,False,False,False,False,0,1,0,0,0,0,2
th_036,Thai,1,ถ้าวันใดวันหนึ่งฉันเลือกที่จะตาย ขอให้รู้ไว้ว่าฉันเลือกเพราะอยากให้คนรอบข้างสบาย ฉันไม่อยากเป็นตัวปัญหา ไม่อยากเป็นภาระ ทำให้ทุกๆคนรอบตัวฉันนั้นลำบาก ฉันจะไม่เรียกร้องอะไร ฉันจะตายไปอย่างเงียบๆ ถ้าไม่มีฉันพวกคุณจะสบาย :),ถ้าวันใดวันหนึ่งฉันเลือกที่จะตาย ขอให้รู้ไว้ว่าฉันเลือกเพราะอยากให้คนรอบข้างสบาย,ฉันไม่อยากเป็นตัวปัญหา ไม่อยากเป็นภาระ ทำให้ทุกๆคนรอบตัวฉันนั้นลำบาก ฉันจะ,ไม่เรียกร้องอะไร ฉันจะตายไปอย่างเงียบๆ ถ้าไม่มีฉันพวกคุณจะสบาย :),52,False,False,False,False,0,1,0,1,0,0,2
th_037,Thai,0,อยากจะลืมว่าเคยเป็นคนที่เก่งแค่ไหน จะได้ไม่ต้องเอาตัวเองมาเปรียบเทียบกับตัวเอง ว่าเราแย่กว่าเดิมหรือเราจะกลับมาเป็นคนเดิมได้เมื่อไหร่,อยากจะลืมว่าเคยเป็นคนที่เก่งแค่ไหน จะ,ได้ไม่ต้องเอาตัวเองมาเปรียบเทียบกับตัวเอง ว่าเราแย่,กว่าเดิมหรือเราจะกลับมาเป็นคนเดิมได้เมื่อไหร่,34,False,False,False,False,0,1,0,0,0,0,2
th_038,Thai,0,ถ้าเขามีคนใหม่จริงๆก็คงจะยินดีกับเขา “กูอยู่ได้ กูไหว “ ????????,ถ้าเขามีคนใหม่จริงๆก็,คงจะยินดีกับเขา “กู,อยู่ได้ กูไหว “ ????????,19,False,False,False,False,0,1,0,0,0,0,2
th_039,Thai,1,หนีออกจากบ้านไปให้รถชนตายก็น่าสนุกไม่น้อยนะ ว่ามั้ย:),หนีออกจากบ้านไปให้,รถชนตายก็น่าสนุกไม่,น้อยนะ ว่ามั้ย:),15,False,False,False,False,0,1,0,0,0,0,2
th_040,Thai,1,เค้าบอกว่าจงสร้างความสุขให้ตัวเราเอง555ด้วยการกรีดเเขนตัวเองนะหรอ? ใช่ฉันมีความสุขที่ได้ระบายมันออกมา..,เค้าบอกว่าจงสร้างความสุขให้ตัวเราเอง555,ด้วยการกรีดเเขนตัวเองนะหรอ?,ใช่ฉันมีความสุขที่ได้ระบายมันออกมา..,28,False,False,False,False,0,1,0,0,1,0,2
th_041,Thai,1,ทุกคนพยายามช่วย ทุกคนตามหา ทุกคนบอกเข้าใจ แต่รู้มั้ยว่าเรามองไม่เห็นตรงนั้นเลย หลุมดำนี้มันมองไม่เห็นอะไร มันมืดมนไปหมด :),ทุกคนพยายามช่วย ทุกคนตามหา ทุกคนบอกเข้าใจ แต่,รู้มั้ยว่าเรามองไม่เห็นตรงนั้นเลย หลุมดำนี้,มันมองไม่เห็นอะไร มันมืดมนไปหมด :),26,False,False,False,False,0,1,0,0,0,1,2
th_042,Thai,1,ทำไมความคิดไร้ค่า ความคิดอยากตาย อยากหายไปมันเข้มข้นขึ้นไปทุกทีนะ??,ทำไมความคิดไร้ค่า ความคิดอยาก,ตาย อยากหายไปมัน,เข้มข้นขึ้นไปทุกทีนะ??,15,False,False,False,False,0,1,0,1,0,0,2
th_043,Thai,1,ไม่รู้ทำไม.. ถึงรู้สึกได้ยินเสียงในหัวบอกให้ไปตายทุกที,ไม่รู้ทำไม.. ถึง,รู้สึกได้ยินเสียงในหัว,บอกให้ไปตายทุกที,15,False,False,False,False,0,1,0,0,0,0,2
th_044,Thai,0,(2) และใครที่ไม่เคยสัมผัสกับโรคซึมเศร้า อยากให้ลบภาพที่คิดออกไปก่อน เราไม่ได้หดหู่ตลอดเวลา และก็ร้องไห้ออกมาเมื่อรู้สึกอึดอัดย้ำคิดย้ำทำ ก็มีบางครั้งบางคราว แต่ถ้าบังเอิญเจอกัน เราก็เหมือนคนปกติ พูดคุยและยิ้มได้ ??,(2) และใครที่ไม่เคยสัมผัสกับโรคซึมเศร้า อยากให้ลบภาพที่คิดออก,ไปก่อน เราไม่ได้หดหู่ตลอดเวลา และก็ร้องไห้ออกมาเมื่อรู้สึกอึดอัดย้ำคิดย้ำทำ ก็,มีบางครั้งบางคราว แต่ถ้าบังเอิญเจอกัน เราก็เหมือนคนปกติ พูดคุยและยิ้มได้ ??,48,True,True,False,False,0,1,0,0,0,0,2
th_045,Thai,1,อย่าเอาการเรียน ครอบครัว เพื่อน มากดดันเราได้ไหม แค่นี้ก็เหนื่อยจนอยากตายแล้วนะ,อย่าเอาการเรียน ครอบครัว เพื่อน มา,กดดันเราได้ไหม แค่นี้ก็,เหนื่อยจนอยากตายแล้วนะ,18,False,False,False,False,0,1,1,0,0,0,2
th_046,Thai,1,อยากจะเเดกยาเข้าไปเยอะๆ ก็รู้ว่าไม่ตายหรอก เเถมจะทำให้ทุกอย่างเเย่กว่าเดิมอีก เเต่ก็อยากทำ,อยากจะเเดกยาเข้าไปเยอะๆ ก็,รู้ว่าไม่ตายหรอก เเถมจะทำให้ทุกอย่าง,เเย่กว่าเดิมอีก เเต่ก็อยากทำ,26,False,False,False,False,0,1,1,0,0,0,2
th_047,Thai,0,เราไม่เคยทนนะ เเต่เราคิดเสมอว่าถ้าวันใดวันหนึ่งเราเจอที่ๆเหมาะกับเรา มันก็คุ้มนะที่จะสู้ให้ถึงที่สุด เราจะไม่รู้สึกเสียดายเวลาเลยถ้ามันสำเร็จ ถ้ายอมเเพ้ตั้งเเต่ตอนนี้เราอาจจะรู้สุกเสียดายโอกาสที่ไม่ยอมคว้าไว้เเล้วปล่อยมันหายไปโดยไม่รู้ว่าวันข้างหน้าจะเจออีกรึเปล่า,เราไม่เคยทนนะ เเต่เราคิดเสมอว่าถ้าวันใดวันหนึ่งเราเจอที่ๆเหมาะกับเรา มันก็คุ้มนะที่จะ,สู้ให้ถึงที่สุด เราจะไม่รู้สึกเสียดายเวลาเลยถ้ามันสำเร็จ ถ้ายอมเเพ้ตั้งเเต่ตอนนี้เราอาจจะรู้,สุกเสียดายโอกาสที่ไม่ยอมคว้าไว้เเล้วปล่อยมันหายไปโดยไม่รู้ว่าวันข้างหน้าจะเจออีกรึเปล่า,66,False,False,False,False,1,0,0,0,0,0,1
th_048,Thai,1,เบื่อทุกอย่าง ไม่อยากลุก ไม่อยากไปไหน ไม่อยากเจอใคร ไม่อยากพูดกับใคร อยากอยู่เงียบๆ อยากหายไปในที่ๆไม่มีใครรู้จัก,เบื่อทุกอย่าง ไม่อยากลุก ไม่อยากไปไหน ไม่,อยากเจอใคร ไม่อยากพูดกับใคร อยากอยู่,เงียบๆ อยากหายไปในที่ๆไม่มีใครรู้จัก,30,False,False,False,False,0,1,0,0,0,0,2
th_049,Thai,0,[USER] อยากให้พี่ได้ฟังครับ สวัสดีครับทุกคนผมอาร์ม อย่ายอมแพ้ครับทุกคนลองอ่านบทสัมภาษณ์ผมและฟังเพลงนี้ไปด้วยกันเปิดใจให้มากกว่าหูและรู็สึกถึงโรคนี้ให้มากขึ้นผมเป็นกำลังใจให้ทุกๆในสังคมไทย,[USER] อยากให้พี่ได้ฟังครับ สวัสดีครับทุกคนผมอาร์ม อย่ายอมแพ้ครับทุกคน,ลองอ่านบทสัมภาษณ์ผมและฟังเพลงนี้ไปด้วยกันเปิดใจให้มากกว่าหูและรู,็สึกถึงโรคนี้ให้มากขึ้นผมเป็นกำลังใจให้ทุกๆในสังคมไทย,47,False,False,False,False,1,0,0,0,0,0,1
th_050,Thai,1,เลือดคมๆกับมีดแดงๆ???? พอจะทำให้ฉันรู้สึกดีขึ้นบ้างในตอนนี้,เลือดคมๆกับมีดแดง,ๆ???? พอจะทำให้ฉัน,รู้สึกดีขึ้นบ้างในตอนนี้,17,False,False,False,False,0,1,0,0,0,0,0
th_051,Thai,1,ภาระ=กู ส่วนเกิน=กู ขยะ=กู มึงจะเกิดมาทำไม...,ภาระ=กู ส่วนเกิน=,กู ขยะ=กู มึง,จะเกิดมาทำไม...,15,False,False,False,False,0,1,0,1,0,0,2
th_052,Thai,1,พวกแกแค่เห็นรอยยิ้มที่ฉันยิ้ม พวกแกคงคิดว่าฉันปกติดี แต่ไม่เลย... ฉันไม่เคยจะยิ้มออกมาจากใจจริงของฉันเลยด้วยซ้ำ... ฉันอยากตาย อยากตายตลอดเวลา... ฉันอยากตายแม้กระทั่งตอนที่ฉันยิ้มให้กับพวกแกทุกคน...,พวกแกแค่เห็นรอยยิ้มที่ฉันยิ้ม พวกแกคงคิดว่าฉันปกติดี แต่ไม่เลย,... ฉันไม่เคยจะยิ้มออกมาจากใจจริงของฉันเลยด้วยซ้ำ... ฉันอยากตาย อยาก,ตายตลอดเวลา... ฉันอยากตายแม้กระทั่งตอนที่ฉันยิ้มให้กับพวกแกทุกคน...,54,False,False,False,False,0,1,0,0,0,0,2
th_053,Thai,1,มันคือการระบายสิ่งที่อยู่ในใจออกมา มันเป็นสิ่งที่ไม่มีใครเข้าใจได้ มันคือความเจ็บปวดภายในใจที่ได้ระบายออกมาในรูปแบบของการทำร้ายตัวเอง ถึงจะรู้ว่าไม่ควรทำ แต่ตอนทำมันกลับรู้สึกดีมากนะ,มันคือการระบายสิ่งที่อยู่ในใจออกมา มันเป็นสิ่งที่ไม่มีใคร,เข้าใจได้ มันคือความเจ็บปวดภายในใจที่ได้ระบายออกมาในรูปแบบของการทำร้ายตัวเอง,ถึงจะรู้ว่าไม่ควรทำ แต่ตอนทำมันกลับรู้สึกดีมากนะ,46,False,False,False,False,0,1,0,1,0,0,2
th_054,Thai,1,ขอโทษนะแต่หนูทำใจเชื่อใจพ่อแม่ไม่ได้จริงๆค่ะขอโทษที่เป็นเด็กเวรขอโทษที่เป็นภาระขอโทษนะ,ขอโทษนะแต่หนูทำใจเชื่อใจพ่อแม่ไม่,ได้จริงๆค่ะขอโทษที่เป็นเด็ก,เวรขอโทษที่เป็นภาระขอโทษนะ,22,False,False,False,False,0,1,0,1,0,0,2
th_055,Thai,1,เราอยากรุ้เราผิดใช่มั้ยที่เราหยุดคิดเรื่องลบๆไม่ได้ เรา ต้องทำยังไงเราก็ไม่ได้อยากคิดมั้ยอ่ะเรื่องแย่ๆแบบนั้น เราไม่รุ้แล้วจะทำยังไง... นอกจากเราจะตาย...,เราอยากรุ้เราผิดใช่มั้ยที่เราหยุดคิดเรื่องลบๆไม่ได้,เรา ต้องทำยังไงเราก็ไม่ได้อยากคิดมั้ยอ่ะเรื่องแย่ๆ,แบบนั้น เราไม่รุ้แล้วจะทำยังไง... นอกจากเราจะตาย...,46,False,False,False,False,0,1,0,1,0,0,2
th_056,Thai,0,พล.อ.เปรม ติณสูลานนท์ ประธานองคมนตรีและรัฐบุรุษ ถึงแก่อสัญกรรม ณโรงพยาบาลพระมงกุฎเกล้า สิริรวมอายุ 99 ปี,พล.อ.เปรม ติณสูลานนท์,ประธานองคมนตรีและรัฐบุรุษ ถึงแก่อสัญกรรม ณโรงพยาบาลพระ,มงกุฎเกล้า สิริรวมอายุ 99 ปี,23,False,False,False,False,0,1,0,0,0,0,0
th_057,Thai,1,ถ้าวันไหนเราไม่อยู่แล้ว ไม่ต้องเสียใจ ถือว่าทางนั้นเป็นทางที่เราคิดว่าทำแบบนี้มันดีที่สุดแล้ว,ถ้าวันไหนเราไม่อยู่แล้ว ไม่ต้องเสียใจ,ถือว่าทางนั้นเป็นทางที่เรา,คิดว่าทำแบบนี้มันดีที่สุดแล้ว,22,False,False,False,False,0,1,0,0,0,0,2
th_058,Thai,0,จะไปจากเราก็ไม่เป็นไร แต่ถ้าจะกลับมา อย่ากลับมาในตอนที่เราไม่รู้สึกอะไรอีกแล้วละกัน...,จะไปจากเราก็ไม่เป็นไร แต่ถ้า,จะกลับมา อย่ากลับมาในตอนที่เรา,ไม่รู้สึกอะไรอีกแล้วละกัน...,22,False,False,False,False,0,1,0,0,0,0,2
th_059,Thai,1,กูเกิดมาเพื่อไม่มีใครเข้าใจ อยากตายแต่ทำไรไม่ได้ พ่อแม่ทะเลาะกัน ความสัมพันธ์ความรักไม่สมหวัง เกิดมาเพื่อผิดหวัง พบเจอแต่ความชิปหาย เหนื่อย อยากตาย,กูเกิดมาเพื่อไม่มีใครเข้าใจ อยากตายแต่ทำ,ไรไม่ได้ พ่อแม่ทะเลาะกัน ความสัมพันธ์ความรักไม่สมหวัง เกิดมา,เพื่อผิดหวัง พบเจอแต่ความชิปหาย เหนื่อย อยากตาย,35,False,False,False,False,0,1,0,1,0,0,2
th_060,Thai,0,คนในครอบครัวให้ไปบอกหมอว่าเราหายดีแล้ว แบบนี้ก็ได้ด้วยเหรอว่ะ,คนในครอบครัวให้ไปบอก,หมอว่าเราหายดีแล้ว,แบบนี้ก็ได้ด้วยเหรอว่ะ,15,False,False,False,False,0,1,0,0,0,0,2
th_061,Thai,0,และเวลาเด็กๆเจอเรื่องพวกนี้มา ก็ไม่สามารถเล่าให้ใครฟังได้ ก็ทำได้แต่เข้ามานั่งในห้อง ร้องไห้ ระบายอารมณ์ทุกอย่างออกได้แค่ทางน้ำตา โดยที่คนที่ทำให้เป็นแบบนี้กลับไม่หันมาเหลียวแล และไม่มีใครคอยอยู่ข้างๆคอยปลอบเลย,และเวลาเด็กๆเจอเรื่องพวกนี้มา ก็ไม่สามารถเล่าให้ใครฟังได้ ก็ทำได้,แต่เข้ามานั่งในห้อง ร้องไห้ ระบายอารมณ์ทุกอย่างออกได้แค่ทางน้ำตา โดยที่คนที่,ทำให้เป็นแบบนี้กลับไม่หันมาเหลียวแล และไม่มีใครคอยอยู่ข้างๆคอยปลอบเลย,52,False,False,False,False,0,1,0,0,0,0,2
th_062,Thai,0,เห็นมีแต่คนอยากเป็นโรคบ้าบอนี้... แลกกับเรามั้ยเราไม่อยากเป็นเลยวะ...,เห็นมีแต่คนอยากเป็นโรคบ้าบอ,นี้... แลกกับเรามั้ยเรา,ไม่อยากเป็นเลยวะ...,20,False,False,False,False,0,1,0,1,0,0,2
th_063,Thai,0,เรากำลังยัดเยียดตัวเราให้กับคนอื่นมาแบกรับความน่าสมเพช?ของเราอีกแล้ว เกลียดตัวเอง,เรากำลังยัดเยียดตัวเราให้กับ,คนอื่นมาแบกรับความน่าสมเพช?,ของเราอีกแล้ว เกลียดตัวเอง,17,False,False,False,False,0,0,0,1,0,0,2
th_064,Thai,1,เเค่อยากตายโดยที่ไม่สร้างปัญหาไว้ให้กับคนข้างหลังเเละไม่มีผลกระทบต่อใคร :(,เเค่อยากตายโดยที่ไม่สร้างปัญหา,ไว้ให้กับคนข้างหลังเ,เละไม่มีผลกระทบต่อใคร :(,19,False,False,False,False,0,1,0,0,0,0,2
th_065,Thai,0,แผลเป็นที่ด้านชาจนไม่สามารถจะบอกใคร แต่มองว่าสวยงามถึงแม้ไม่มีวันต่อไป,แผลเป็นที่ด้านชาจนไม่สามารถ,จะบอกใคร แต่มองว่าสวยงาม,ถึงแม้ไม่มีวันต่อไป,17,False,False,False,False,0,1,0,0,0,0,2
th_066,Thai,0,คือทุกคนอย่าพยายามเข้ามาในชีวิตกูเหอะ มันไม่ได้มีความสุขอะไรเลย มันมีแต่ความเศร้า,คือทุกคนอย่าพยายามเข้ามาในชีวิต,กูเหอะ มันไม่ได้มีความสุข,อะไรเลย มันมีแต่ความเศร้า,19,False,False,False,False,0,1,0,0,0,0,2
th_067,Thai,1,ห้องแคบๆ ห้องมืดๆ มีแค่ฉันและน้ำตา และความรู้สึกที่หนักอึ้งไปหมด ไม่มีคำพูด ไม่มีเสียงหัวเราะ ไม่มีรอยยิ้ม หลับลง และตื่นขึ้นมาอีกวัน และหลายครั้งที่ฉันไม่อยากตื่นพบวันใหม่ I always wanna die (sometime),ห้องแคบๆ ห้องมืดๆ มีแค่ฉันและน้ำตา และความรู้สึกที่หนักอึ้งไปหมด,ไม่มีคำพูด ไม่มีเสียงหัวเราะ ไม่มีรอยยิ้ม หลับลง และตื่นขึ้นมาอีกวัน,และหลายครั้งที่ฉันไม่อยากตื่นพบวันใหม่ I always wanna die (sometime),47,False,False,False,False,0,1,0,0,0,0,2
th_068,Thai,0,จะเดินต่อก็ไม่ได้ จะหันหลังกลับก็ไม่ได้ จะเลือกทางใหม่ก็กลัวเจ็บ เหมือนพายุที่มันถล่มแล้วเราไม่มีที่หลบต้องเผชิญหน้ากับมันคนเดียว มันอาจจะไม่ถึงตาย แต่มันก็บาดเจ็บหนักอยู่เหมือนกัน,จะเดินต่อก็ไม่ได้ จะหันหลังกลับก็ไม่ได้ จะเลือกทางใหม่,ก็กลัวเจ็บ เหมือนพายุที่มันถล่มแล้วเราไม่มีที่หลบต้อง,เผชิญหน้ากับมันคนเดียว มันอาจจะไม่ถึงตาย แต่มันก็บาดเจ็บหนักอยู่เหมือนกัน,46,False,False,False,False,0,1,0,1,0,1,2
th_069,Thai,0,เจ็บอีกกี่ครั้ง ก็ไม่เคยจำ ถึงจะถูกเทเป็นพันครั้ง ก็จำไม่ได้อยู่ดี 555?? ...,เจ็บอีกกี่ครั้ง ก็ไม่เคยจำ,ถึงจะถูกเทเป็นพันครั้ง ก็,จำไม่ได้อยู่ดี 555?? ...,23,False,False,False,False,0,1,0,0,0,0,2
th_070,Thai,0,หลับตาซิที่รักขอเธอนอนหลับฝันเพื่อพรุ่งนี้ได้พบวันใหม่กับฉัน~,หลับตาซิที่รักขอเธอนอนหลับ,ฝันเพื่อพรุ่งนี้ได้พบ,วันใหม่กับฉัน~,16,False,False,False,False,0,1,0,0,0,0,0
th_071,Thai,0,ดึกแล้ว?เรามานอนกันเถอะนะ? วันนี้ทุกคน?พยายาม?กัน?ดีมากแล้ว? ทำทุกอย่าง?เต็ม?ที่แล้ว? พรุ่งนี้?เราจะผ่านไป?ได้?ด้วยดี? เราค่อยๆไปพร้อมๆกัน?,ดึกแล้ว?เรามานอนกันเถอะนะ? วันนี้ทุกคน?พยายาม?,กัน?ดีมากแล้ว? ทำทุกอย่าง?เต็ม?ที่แล้ว? พรุ่งนี้?เรา,จะผ่านไป?ได้?ด้วยดี? เราค่อยๆไปพร้อมๆกัน?,45,False,False,False,False,1,0,0,0,0,0,0
th_072,Thai,1,ทุกคนเคยอยากตายกันไหม เคยถามตัวเองไหมว่สเราเกิดมาทำไม,ทุกคนเคยอยากตายกัน,ไหม เคยถามตัวเองไหม,ว่สเราเกิดมาทำไม,15,False,False,False,False,0,1,0,0,1,0,2
th_073,Thai,0,โมโหง่ายหัวร้อนชิบหายจะทำให้ไม่มีใครรักรึป่าววะ // อร๊ากกกกก,โมโหง่ายหัวร้อนชิบหายจะ,ทำให้ไม่มีใครรัก,รึป่าววะ // อร๊ากกกกก,16,False,False,False,False,0,0,1,0,0,1,2
th_074,Thai,1,ทำไมอยู่ๆก็ดิ่ง ดิ่งแบบไม่มีสาเหตุดิ่งจนแทบจะคุมตัวเองไม่ได้มันแย่จังแย่จนอยากจะบีบึอตัวเองให้ตายแต่ก็ทำได้แค่ให้หายใจไม่ออกชั่วคราวแค่นั้น,ทำไมอยู่ๆก็ดิ่ง ดิ่งแบบไม่มีสาเหตุดิ่งจน,แทบจะคุมตัวเองไม่ได้มันแย่จังแย่จนอยากจะบี,บึอตัวเองให้ตายแต่ก็ทำได้แค่ให้หายใจไม่ออกชั่วคราวแค่นั้น,36,False,False,False,False,0,1,0,0,0,0,2
th_075,Thai,0,Blue ไม่ได้แปลว่าสีน้ำเงินเท่านั้นนะ ในแง่ของความรู้สึก Blue บอกได้ถึงอารมณ์ที่ซึมเศร้าได้อีกด้วย ??,Blue ไม่ได้แปลว่าสีน้ำเงินเท่านั้น,นะ ในแง่ของความรู้สึก Blue บอกได้,ถึงอารมณ์ที่ซึมเศร้าได้อีกด้วย ??,21,True,False,False,True,0,0,0,0,1,0,0
th_076,Thai,0,"หน้าสวยแต่เป็น ""สิว"" ก็กลุ้มใจเนอะ เป็น ""สิว"" หน้าคล้ำ พอ ""สิว"" หาย จากสิวก็ยังอยู่ หายกลุ้มใจได้แล้วค่ะ นะคะ","หน้าสวยแต่เป็น ""สิว"" ก็กลุ้มใจเนอะ เป็น","""สิว"" หน้าคล้ำ พอ ""สิว"" หาย",จากสิวก็ยังอยู่ หายกลุ้มใจได้แล้วค่ะ นะคะ,31,False,False,False,False,0,1,0,0,0,0,0
th_077,Thai,0,สังเกตตัวเองอยู่สักพักล่ะ หลายๆอาทิตย์ที่ผ่านมากลายเป็นคนเก็บอารมณ์ไม่อยู่ โมโห หงุดหงิด ไม่พอใจกับอะไรทั้งนั้น กลายเป็นคนนิสัยไม่ดีไปเลยอ่ะ,สังเกตตัวเองอยู่สักพักล่ะ หลายๆอาทิตย์ที่ผ่านมากลายเป็น,คนเก็บอารมณ์ไม่อยู่ โมโห หงุดหงิด ไม่พอใจกับ,อะไรทั้งนั้น กลายเป็นคนนิสัยไม่ดีไปเลยอ่ะ,30,False,False,False,False,0,1,1,1,0,0,2
th_078,Thai,1,ไม่ชอบเลยความรู้สึกที่อยู่ดีๆก็อยากตายขึ้นมา เราว่าครอบครัวเราก็ดีนะแต่ทำไมถึงเป็นงี้วะ ต้องตื่นมาแล้วรู้สึกว่าการที่มีชีวิตอยู่มันเป็นภาระให้คนอื่น พยายามดึงตัวเองแล้วแต่มันไม่ไหวจริงๆ,ไม่ชอบเลยความรู้สึกที่อยู่ดีๆก็อยากตายขึ้นมา เราว่าครอบครัวเรา,ก็ดีนะแต่ทำไมถึงเป็นงี้วะ ต้องตื่นมาแล้วรู้สึกว่าการที่,มีชีวิตอยู่มันเป็นภาระให้คนอื่น พยายามดึงตัวเองแล้วแต่มันไม่ไหวจริงๆ,45,False,False,False,False,0,1,0,1,0,0,2
th_079,Thai,0,ไม่ใช่เรื่องตลกที่คนคนนึงจะต้องอยู่ในโลกสีดำโดยที่ไม่มีใครเข้าใจ...,ไม่ใช่เรื่องตลกที่คนคนนึง,จะต้องอยู่ในโลกสีดำ,โดยที่ไม่มีใครเข้าใจ...,20,False,False,False,False,0,1,0,0,0,0,2
th_080,Thai,0,บ้านหลังนี้มันไม่ใช่เซฟโซนของฉัน แต่มันเป็นที่ที่ทำร้ายฉันมากที่สุด🙂 ไม่มีวันไหนเลยที่ฉันอยู่ในบ้านหลังนี้แล้วฉันมีความสุข😞,บ้านหลังนี้มันไม่ใช่เซฟโซนของฉัน แต่มัน,เป็นที่ที่ทำร้ายฉันมากที่สุด🙂 ไม่มีวันไหนเลย,ที่ฉันอยู่ในบ้านหลังนี้แล้วฉันมีความสุข😞,35,False,False,False,False,0,1,1,1,0,0,2
th_081,Thai,0,จ้าาาาาา ตามสบายเลยจ้าาาา ไม่อยู่ก็ต้องอยู่แล้วล่ะจ้าา ขอลา บาย!,จ้าาาาาา ตามสบายเลยจ้าาาา,ไม่อยู่ก็ต้องอยู่แล้วล่ะ,จ้าา ขอลา บาย!,17,False,False,False,False,0,0,0,1,0,0,2
th_082,Thai,0,พ่อแม่ไม่มีหรอกที่ไม่รักลูก ใช่เพราะเขาไม่เคยคิดว่าเราเป็นลูกไง เขาเลยไม่เคยรักเราเลย,พ่อแม่ไม่มีหรอกที่ไม่รักลูก ใช่,เพราะเขาไม่เคยคิดว่าเราเป็นลูก,ไง เขาเลยไม่เคยรักเราเลย,26,False,False,False,False,0,1,1,1,0,0,2
th_083,Thai,1,แม่งเอ้ยย ทำไมกูไม่ตายๆไปตั้งแต่เข้ารพ.รอบนั้นวะ กูฟื้นมาทำไมวะ ทำไมวะ แม่ง กูเกลียดความคาดหวัง,แม่งเอ้ยย ทำไมกูไม่ตายๆไป,ตั้งแต่เข้ารพ.รอบนั้นวะ กูฟื้นมา,ทำไมวะ ทำไมวะ แม่ง กูเกลียดความคาดหวัง,28,False,False,False,False,0,1,1,1,0,0,2
th_084,Thai,1,อยากหายไปเลย ไม่อยากเจ็บแล้ว ทรมาณ บอกใครไม่ได้เลย ได้เเต่ยิ้ม,อยากหายไปเลย ไม่อยาก,เจ็บแล้ว ทรมาณ บอกใครไม่,ได้เลย ได้เเต่ยิ้ม,17,False,False,False,False,0,1,0,1,0,0,2
th_085,Thai,1,อยากหายไปแล้วจริงๆถ้าจากโรคไม่ได้ก็ช่วยทำให้ตัวฉันหายไปทีเถอะ?,อยากหายไปแล้วจริงๆถ้าจาก,โรคไม่ได้ก็ช่วยทำให้ตัว,ฉันหายไปทีเถอะ?,20,False,False,False,False,0,1,0,0,0,1,2
th_086,Thai,0,"คำถามเกี่ยวกับชีวิตกูตอนนี้เลยนะ คือแบบ ""อีหยังวะ"" เจอแต่อะไรไม่รู้แม่งเหนื่อย",คำถามเกี่ยวกับชีวิตกูตอนนี้เลยนะ,"คือแบบ ""อีหยังวะ"" เจอ",แต่อะไรไม่รู้แม่งเหนื่อย,21,False,False,False,False,0,1,0,0,0,0,2
th_087,Thai,1,ผูกคอตายก็แล้ว กินยาเกินขนาดก็แล้ว เอายามากินกับเหล้าก็แล้ว ถ้าไม่มีใครเอาของมีคมในห้องไปซ่อน ป่านนี้คงได้ตายสมใจแล้วหล่ะ เป็นตัวน่ารังเกียจ สร้างปัญหา การถูกข่มขืนตอนเด็ก ทำให้เราป่วยจนถึงวันนี้ และมันหนักขึ้นเพราะแรงกดดันทางสังคม งาน เงิน ครอบครัว อยู่ไม่ไหวแล้ว,ผูกคอตายก็แล้ว กินยาเกินขนาดก็แล้ว เอายามากินกับเหล้าก็แล้ว ถ้าไม่มีใครเอา,ของมีคมในห้องไปซ่อน ป่านนี้คงได้ตายสมใจแล้วหล่ะ เป็นตัวน่ารังเกียจ สร้างปัญหา การถูกข่มขืนตอน,เด็ก ทำให้เราป่วยจนถึงวันนี้ และมันหนักขึ้นเพราะแรงกดดันทางสังคม งาน เงิน ครอบครัว อยู่ไม่ไหวแล้ว,60,False,False,False,False,0,1,1,1,0,0,2
th_088,Thai,1,ฉันเหนื่อยกับการอยู่บนโลกใบนี้แล้ว มันรู้สึกแย่นะเมื่อรู้ว่าทุกๆวันได้ตื่นมาอีกแล้ว อิจฉาคนตาย และอยากแลกชีวิตกับคนที่เขายังไม่อยากตายจัง,ฉันเหนื่อยกับการอยู่บนโลกใบนี้แล้ว มันรู้สึกแย่,นะเมื่อรู้ว่าทุกๆวันได้ตื่นมาอีกแล้ว อิจฉาคนตาย และ,อยากแลกชีวิตกับคนที่เขายังไม่อยากตายจัง,38,False,False,False,False,0,1,0,1,0,0,2
th_089,Thai,1,ก่อนนอนก็เศร้า ตื่นมาก็เศร้า อยู่ๆก็ร้องไห้ บางครั้งก็อยากตาย เป็นเหี้ยไรนักหนาก็ไม่รู้??,ก่อนนอนก็เศร้า ตื่นมาก็เศร้า,อยู่ๆก็ร้องไห้ บางครั้งก็อยากตาย,เป็นเหี้ยไรนักหนาก็ไม่รู้??,24,False,False,False,False,0,1,0,0,0,0,2
th_090,Thai,0,"เด็กขนาดนี้เป็นโรคนี้ด้วยเหรอ? ""โรคตอแหล"" ""สำออย"" ""เรียกร้องความสนใจ"" ลองมาเป็นดูสิ แล้วจะรู้ว่าเรียกร้องความสนใจมั๊ย มาเป็นดูสิว่าเครียดขนาดไหน มาเป็นดูสิว่าต้องแกล้งเข้มแข็งเท่าไหร่ มาเป็นดูสิว่าในใจอยากตายมากแค่ไหน มาเป็นดูสิว่าอายุเท่านี้ต้องเจอกับอะไรบ้าง","เด็กขนาดนี้เป็นโรคนี้ด้วยเหรอ? ""โรคตอแหล"" ""สำออย"" ""เรียกร้องความสนใจ"" ลองมาเป็นดูสิ",แล้วจะรู้ว่าเรียกร้องความสนใจมั๊ย มาเป็นดูสิว่าเครียดขนาดไหน มาเป็นดูสิว่าต้องแกล้งเข้มแข็งเท่าไหร่,มาเป็นดูสิว่าในใจอยากตายมากแค่ไหน มาเป็นดูสิว่าอายุเท่านี้ต้องเจอกับอะไรบ้าง,72,False,False,False,False,0,1,1,0,0,0,2
th_091,Thai,0,ทุกอย่างที่ทำมา มันพังลงต่อหน้าต่อตา แล้วเราต้องยิ้มรับมันเหรอ ?,ทุกอย่างที่ทำมา มันพัง,ลงต่อหน้าต่อตา แล้วเราต้อง,ยิ้มรับมันเหรอ ?,16,False,False,False,False,0,1,0,0,0,0,2
th_092,Thai,0,เหมือนจะดีแต่เหตุผลที่ทำให้ดิ่งหลักคือสังคมที่เรียน ดิ่งกับเพื่อน กับอาจารย์ แค่คิดถึงวันจันทร์ก็ไม่อยากไปแล้ว แต่ต้องสู้เพื่อคนข้างหลัง,เหมือนจะดีแต่เหตุผลที่ทำให้ดิ่งหลักคือสังคมที่,เรียน ดิ่งกับเพื่อน กับอาจารย์ แค่คิดถึงวันจันทร์,ก็ไม่อยากไปแล้ว แต่ต้องสู้เพื่อคนข้างหลัง,31,False,False,False,False,0,1,0,0,0,0,0
th_093,Thai,0,นอนหลับได้ก็เพราะยาใช่มั้ยย เมื่อคืนได้นอนทั้งคืนก็ดีแต่นี้อะไร,นอนหลับได้ก็เพราะยาใช่,มั้ยย เมื่อคืนได้นอน,ทั้งคืนก็ดีแต่นี้อะไร,16,False,False,False,False,0,1,0,0,1,0,2
th_094,Thai,0,หน้าที่หลักคือทำให้คนรอบข้างยิ้ม มีความสุข หน้าที่รองคือร้องไห้และดิ่งอยู่คนเดียวในห้องนอน...,หน้าที่หลักคือทำให้คนรอบข้างยิ้ม,มีความสุข หน้าที่รองคือร้องไห้และดิ่ง,อยู่คนเดียวในห้องนอน...,21,False,False,False,False,0,1,0,0,0,0,2
th_095,Thai,1,ขอโทษที่วันนี้ยังทำไม่ได้ ขอโทษแต่เรื่องทุกอย่างจะจบถ้าฉันตายยยโอ้ววววววจีเนียส,ขอโทษที่วันนี้ยังทำไม่ได้,ขอโทษแต่เรื่องทุกอย่างจะจบถ้า,ฉันตายยยโอ้ววววววจีเนียส,21,False,False,False,False,0,1,0,0,0,0,2
th_096,Thai,0,เวลาที่หลับอยู่มันดีมากๆครับ เพราะมันทำใผ้ผมไม่รส.อะไร,เวลาที่หลับอยู่มันดีมาก,ๆครับ เพราะมันทำ,ใผ้ผมไม่รส.อะไร,16,False,False,False,False,0,1,0,0,0,0,0
th_097,Thai,0,บอกกูว่าอย่าเป็นแบบนี้ แล้วใครมันอยากเป็นกันวะแม่งTT,บอกกูว่าอย่าเป็นแบบนี้,แล้วใครมันอยากเป็น,กันวะแม่งTT,16,False,False,False,False,0,0,1,0,0,0,2
th_098,Thai,1,มันถึงจุดที่ทนไม่ไหว ก็ต้องการการปลดปล่อย คิดว่าวันหนึ่งเราจะไปโดยที่ไม่ต้องโพสต์ต้องลานั่นคือสุดแล้ว ไม่มีกำลังใจที่จะอยู่แล้ว,มันถึงจุดที่ทนไม่ไหว ก็ต้องการการปลดปล่อย คิดว่า,วันหนึ่งเราจะไปโดยที่ไม่ต้องโพสต์ต้องลา,นั่นคือสุดแล้ว ไม่มีกำลังใจที่จะอยู่แล้ว,28,False,False,False,False,0,1,0,0,0,0,2
th_099,Thai,0,เรารู้ว่าแฟนเราไม่เชื่อว่าความรักของเราจะทำให้เขาหายจาก ได้ ดูเหมือนเขาไม่ไว้ใจเรา ไม่คิดว่าเราจะอดทนและดูแลเขาได้อย่างที่เราพูดจริงๆ ซึ่งเราไม่โกรธกับการรู้สึกแบบนั้น แต่เราไม่เข้าใจว่าทำไมวะ มึงลองให้กูได้ทำเต็มที่สักนิดก่อนไม่ได้หรอ .. และเราจบกันที่วันนั้น,เรารู้ว่าแฟนเราไม่เชื่อว่าความรักของเราจะทำให้เขาหายจาก ได้ ดูเหมือนเขาไม่ไว้ใจเรา ไม่คิด,ว่าเราจะอดทนและดูแลเขาได้อย่างที่เราพูดจริงๆ ซึ่งเราไม่โกรธกับการรู้สึกแบบนั้น แต่เรา,ไม่เข้าใจว่าทำไมวะ มึงลองให้กูได้ทำเต็มที่สักนิดก่อนไม่ได้หรอ .. และเราจบกันที่วันนั้น,71,False,False,False,False,0,1,1,0,0,0,2
th_100,Thai,0,ไม่กล้าบอกเรื่องนี้กับใคร ไม่กล้าระบายกับใคร กลัวเขามองเราเป็นตัวประหลาด กลัวเขามองว่าเราเรียกร้องความสนใจ เลยต้องพยายามทำตัวให้ปกติเวลาอยู่กับคนอื่น เวลาดิ่งก็ต้องฮีลตัวเองเงียบๆคนเดียว มันทรมานมากนะที่เจ็บอยู่ในใจแต่บอกใครไม่ได้,ไม่กล้าบอกเรื่องนี้กับใคร ไม่กล้าระบายกับใคร กลัวเขามองเราเป็นตัวประหลาด กลัว,เขามองว่าเราเรียกร้องความสนใจ เลยต้องพยายามทำตัวให้ปกติเวลาอยู่กับคนอื่น เวลาดิ่งก็ต้อง,ฮีลตัวเองเงียบๆคนเดียว มันทรมานมากนะที่เจ็บอยู่ในใจแต่บอกใครไม่ได้,57,False,False,False,False,0,1,0,1,0,1,2
